Workbook

Sheet INEGI_DENUE_24062016
A1: ID | B1: Nombre de la Unidad Economica | C1: Razon social | D1: Codigo de la clase de actividad SCIAN | E1: Nombre de clase de la actividad | F1: Automotriz | G1: Descripcion estrato personal ocupado | H1: Tipo de vialidad | I1: Nombre de la vialidad | J1: Tipo de entre vialidad 1 | K1: Nombre de entre vialidad 1 | L1: Tipo de entre vialidad 2 | M1: Nombre de entre vialidad 2 | N1: Tipo de entre vialidad 3 | O1: Nombre de entre vialidad 3 | P1: NÃºmero exterior o kilometro | Q1: Letra exterior | R1: Edificio | S1: Edificio Piso | T1: NÃºmero interior | U1: Letra interior | V1: Tipo de asentamiento humano | W1: Nombre de asentamiento humano | X1: Tipo centro comercial | Y1: Corredor industrial, centro comercial o mercado pÃºblico | Z1: NÃºmero de local | AA1: Codigo Postal | AB1: Clave entidad | AC1: Entidad federativa | AD1: Clave municipio | AE1: Municipio | AF1: Clave localidad | AG1: Localidad | AH1: Area geoestadistica basica | AI1: Manzana | AJ1: NÃºmero de telEfono | AK1: Correo electronico | AL1: Sitio en Internet | AM1: Tipo de establecimiento | AN1: Latitud | AO1: Longitud | AP1: Fecha de incorporacion al DENUE
A2: 1357680 | B2: AGUA HYDRA NATURA | D2: 312112 | E2: Purificacion y embotellado de agua | F2: =VLOOKUP(E2,Sheet1!$B$2:$C$78,2,0) -> 0 | G2: 11 a 30 personas | H2: AVENIDA | I2: CONSTITUYENTES | J2: CALLE | K2: HENRRY DUNANT | L2: PRIVADA | M2: ALHELÃES | N2: CALLE | O2: ALHELÃES | P2: 702 | Q2: A | V2: COLONIA | W2: ROSALINDA II | AA2: 38060 | AB2: 11 | AC2: GUANAJUATO | AD2: 7 | AE2: CELAYA | AF2: 1 | AG2: Celaya | AH2: 1690 | AI2: 24 | AJ2: 4616151111 | AM2: Fijo | AN2: 20.518535 | AO2: -100.83979 | AP2: 40360
A3: 6329532 | B3: ARNIME, S.A. DE C.V. | C3: ARNIME, S.A. DE C.V. | D3: 311422 | E3: Conservacion de frutas y verduras por procesos distintos a la congelacion y la deshidratacion | F3: =VLOOKUP(E3,Sheet1!$B$2:$C$78,2,0) -> 0 | G3: 101 a 250 personas | H3: CARRETERA | I3: CARRETERA FEDERAL LIBRE 51 CELAYA - VILLAGRÃN KILOMETROS 4200 | J3: CALLE | K3: NINGUNO | L3: CALLE | M3: NINGUNO | O3: NINGUNO | P3: 0 | Q3: SN | T3: 0 | V3: FRACCIONAMIENTO | W3: SANTA ELENA | AA3: 38110 | AB3: 11 | AC3: GUANAJUATO | AD3: 7 | AE3: CELAYA | AF3: 674 | AG3: Ninguno [Balneario] | AH3: 71 | AI3: 800 | AJ3: 4616110088 | AK3: PERSONALARNIME@GMAIL.COM | AL3: WWW.ARNIME.COM | AM3: Fijo | AN3: 20.497808 | AO3: -100.84001 | AP3: 41974
A4: 6331220 | B4: BODEGA DE DISTRIBUCION DE HUEVO | C4: BACHOCO SA DE CV | D4: 311110 | E4: Elaboracion de alimentos para animales | F4: =VLOOKUP(E4,Sheet1!$B$2:$C$78,2,0) -> 0 | G4: 11 a 30 personas | H4: CALLE | I4: CONCEPCIÃ“N BÃ‰ISTEGUI | J4: CALLE | K4: CONCEPCIÃ“N BÃ‰ISTEGUI | L4: CALLE | M4: EJE NOR-PONIENTE | N4: CALLE | O4: NINGUNO | P4: 0 | Q4: SN | T4: 0 | V4: COLONIA | W4: NINGUNO | AA4: 38020 | AB4: 11 | AC4: GUANAJUATO | AD4: 7 | AE4: CELAYA | AF4: 1 | AG4: Celaya | AH4: 724 | AI4: 11 | AJ4: 4611567983 | AM4: Fijo | AN4: 20.519849 | AO4: -100.84993 | AP4: 40360
A5: 1349181 | B5: CAJETAS Y DULCES LA TRADICIONAL | D5: 311340 | E5: Elaboracion de dulces, chicles y productos de confiteria que no sean de chocolate | F5: =VLOOKUP(E5,Sheet1!$B$2:$C$78,2,0) -> 0 | G5: 11 a 30 personas | H5: AVENIDA | I5: LICENCIADO BENITO JUÃREZ | J5: CALLE | K5: NICOLÃS BRAVO | L5: BOULEVARD | M5: ADOLFO LÃ“PEZ MATEOS | N5: CALLE | O5: ZARAGOZA | P5: 109 | T5: 111 | V5: COLONIA | W5: CENTRO | AA5: 38000 | AB5: 11 | AC5: GUANAJUATO | AD5: 7 | AE5: CELAYA | AF5: 1 | AG5: Celaya | AH5: 156 | AI5: 29 | AJ5: 4616128706 | AM5: Fijo | AN5: 20.520609 | AO5: -100.81527 | AP5: 40360
A6: 1244351 | B6: CHAPERM, S. DE R.L. DE C.V. | C6: CHAPERM, S. DE R.L. DE C.V. | D6: 315229 | E6: Confeccion en serie de otra ropa exterior de materiales textiles | F6: =VLOOKUP(E6,Sheet1!$B$2:$C$78,2,0) -> 0 | G6: 11 a 30 personas | H6: PRIVADA | I6: DOCTOR FRANCISCO PAREDES | J6: CALLE | K6: MARIANO ABASOLO | L6: AVENIDA | M6: PROFESOR FRANCISCO JUÃREZ | N6: CALLE | O6: ALBINO GARCÃA | P6: 103 | V6: COLONIA | W6: TIERRAS NEGRAS | AA6: 38048 | AB6: 11 | AC6: GUANAJUATO | AD6: 7 | AE6: CELAYA | AF6: 1 | AG6: Celaya | AH6: 137 | AI6: 5 | AM6: Fijo | AN6: 20.524433 | AO6: -100.82401 | AP6: 41974
A7: 1347802 | B7: COMERCIAL DEL CENTRO LUCCA | C7: COMERCIAL DEL CENTRO LUCCA, S.A. DE C.V. | D7: 315223 | E7: Confeccion en serie de uniformes | F7: =VLOOKUP(E7,Sheet1!$B$2:$C$78,2,0) -> 0 | G7: 11 a 30 personas | H7: CALLE | I7: GENERAL ORTEGA | J7: CALLE | K7: GENERAL E. ORTEGA | L7: ANDADOR | M7: DE NAYARIT | N7: ANDADOR | O7: DE NAYARIT | P7: 213 | Q7: A | V7: COLONIA | W7: ALAMEDA | AA7: 38050 | AB7: 11 | AC7: GUANAJUATO | AD7: 7 | AE7: CELAYA | AF7: 1 | AG7: Celaya | AH7: 1239 | AI7: 33 | AJ7: 4616129144 | AM7: Fijo | AN7: 20.532426 | AO7: -100.80534 | AP7: 40360
A8: 6313302 | B8: COMPANIA MANUFACTURA ASTURIAS, S.A. DE C.V. | C8: COMPAÃ‘ÃA MANUFACTURA ASTURIAS, S.A. DE C.V. | D8: 311222 | E8: Elaboracion de aceites y grasas vegetales comestibles | F8: =VLOOKUP(E8,Sheet1!$B$2:$C$78,2,0) -> 0 | G8: 101 a 250 personas | I8: CARRETERA ESTATAL LIBRE CELAYA - SAN MIGUEL DE ALLENDE KILÃ“METRO 9 | K8: NINGUNO | M8: NINGUNO | O8: NINGUNO | P8: 0 | Q8: SN | T8: 0 | W8: SAN ISIDRO DE LA CONCEPCIÃ“N | AA8: 38104 | AB8: 11 | AC8: GUANAJUATO | AD8: 7 | AE8: CELAYA | AF8: 7002 | AG8: Localidad economica | AH8: 14 | AI8: 800 | AJ8: 4616188960 | AK8: R.GALLARDO@LASTUR.COM.MX | AM8: Fijo | AN8: 20.635278 | AO8: -100.785 | AP8: 40360
A9: 1245685 | B9: CONFECCIONES MAYRA | D9: 315192 | E9: Fabricacion de ropa exterior de tejido de punto | F9: =VLOOKUP(E9,Sheet1!$B$2:$C$78,2,0) -> 0 | G9: 11 a 30 personas | H9: PRIVADA | I9: LOS AZTECAS | J9: CALLE | K9: LEANDRO VALLE | L9: CALLE | M9: ABASOLO | N9: CALLE | O9: MARIANO JIMÃ‰NEZ | P9: 12 | V9: COLONIA | W9: MARIANO JIMÃ‰NEZ | AA9: 38048 | AB9: 11 | AC9: GUANAJUATO | AD9: 7 | AE9: CELAYA | AF9: 1 | AG9: Celaya | AH9: 103 | AI9: 30 | AJ9: 4616137006 | AK9: CONFECCIONESMAYRA@OTMAIL.COM | AM9: Fijo | AN9: 20.528351 | AO9: -100.82299 | AP9: 41974
A10: 1242056 | B10: CUERITOS E INCURTIDOS DEL BAJÃO | D10: 311910 | E10: Elaboracion de botanas | F10: =VLOOKUP(E10,Sheet1!$B$2:$C$78,2,0) -> 0 | G10: 11 a 30 personas | H10: PRIVADA | I10: SANTA CECILIA | J10: AVENIDA | K10: CONSTITUYENTES | L10: PRIVADA | M10: PRIMERA DE LÃZARO CÃRDENAS DEL RÃO | N10: AVENIDA | O10: CONSTITUYENTES | P10: 0 | Q10: SN | V10: COLONIA | W10: TIERRA BLANCA | AA10: 38090 | AB10: 11 | AC10: GUANAJUATO | AD10: 7 | AE10: CELAYA | AF10: 1 | AG10: Celaya | AH10: 1525 | AI10: 30 | AJ10: 4611319146 | AM10: Fijo | AN10: 20.508818 | AO10: -100.8149 | AP10: 41974
A11: 1244387 | B11: DOMINO'S PIZZA | C11: OPERADORA Y PROCESADORA DE PRODUCTOS DE PANIFICACIÃ“N, S.A. DE C.V. | D11: 311812 | E11: Panificacion tradicional | F11: =VLOOKUP(E11,Sheet1!$B$2:$C$78,2,0) -> 0 | G11: 11 a 30 personas | H11: BOULEVARD | I11: ADOLFO LÃ“PEZ MATEOS | J11: CALLE | K11: PALMAS | L11: AVENIDA | M11: 2 DE ABRIL | N11: CALLE | O11: JOSÃ‰ MARÃA MORELOS | P11: 0 | Q11: SN | V11: COLONIA | W11: CENTRO | AA11: 38000 | AB11: 11 | AC11: GUANAJUATO | AD11: 7 | AE11: CELAYA | AF11: 1 | AG11: Celaya | AH11: 018A | AI11: 12 | AJ11: 461617220 | AK11: 11349@DOMINOS.COM.MX | AL11: WWW.DOMINOS.COM.MX | AM11: Fijo | AN11: 20.520025 | AO11: -100.80021 | AP11: 41974
A12: 1348892 | B12: DON PASTEL | C12: DON PASTEL, S.A. DE C.V. | D12: 311812 | E12: Panificacion tradicional | F12: =VLOOKUP(E12,Sheet1!$B$2:$C$78,2,0) -> 0 | G12: 11 a 30 personas | H12: CALLE | I12: AGUILAR Y MAYA | J12: CALLE | K12: GUADALUPE | L12: CALLE | M12: ÃLVARO OBREGÃ“N | N12: CALLE | O12: NARCISO MENDOZA | P12: 121 | S12: PLANTA BAJA | V12: COLONIA | W12: ALAMEDA | AA12: 38050 | AB12: 11 | AC12: GUANAJUATO | AD12: 7 | AE12: CELAYA | AF12: 1 | AG12: Celaya | AH12: 156 | AI12: 26 | AJ12: 4616121511 | AM12: Fijo | AN12: 20.528161 | AO12: -100.81223 | AP12: 40360
A13: 1346633 | B13: ELABORACIÃ“N Y DISTRIBUCIÃ“N DE CHORIZO SIN NOMBRE | D13: 311613 | E13: Preparacion de embutidos y otras conservas de carne de ganado, aves y otros animales comestibles | F13: =VLOOKUP(E13,Sheet1!$B$2:$C$78,2,0) -> 0 | G13: 11 a 30 personas | H13: CALLE | I13: VIOLETA | J13: CALLE | K13: FRESNO | L13: CALLE | M13: PINO | N13: CALLE | O13: ROSA | P13: 404 | Q13: A | V13: COLONIA | W13: LINDAVISTA | AA13: 38010 | AB13: 11 | AC13: GUANAJUATO | AD13: 7 | AE13: CELAYA | AF13: 1 | AG13: Celaya | AH13: 423 | AI13: 3 | AJ13: 4616116506 | AM13: Fijo | AN13: 20.543265 | AO13: -100.82396 | AP13: 40360
A14: 1348457 | B14: EMPACADORA JB | C14: PRODUCTOS Y CARNES FRÃAS DE CELAYA JB, S.A. | D14: 311613 | E14: Preparacion de embutidos y otras conservas de carne de ganado, aves y otros animales comestibles | F14: =VLOOKUP(E14,Sheet1!$B$2:$C$78,2,0) -> 0 | G14: 11 a 30 personas | H14: AVENIDA | I14: MIGUEL HIDALGO | J14: CALLE | K14: MARIANO ABASOLO | L14: CALLE | M14: LEANDRO VALLE | N14: CALLE | O14: ANDRÃ‰S QUINATANA ROO | P14: 619 | V14: COLONIA | W14: CENTRO | AA14: 38000 | AB14: 11 | AC14: GUANAJUATO | AD14: 7 | AE14: CELAYA | AF14: 1 | AG14: Celaya | AH14: 137 | AI14: 3 | AJ14: 4616123307 | AK14: EMPACADORAJB@GMAIL.COM | AM14: Fijo | AN14: 20.521347 | AO14: -100.82115 | AP14: 40360
A15: 1245144 | B15: EMPANADAS LA TÃA GUILLE | D15: 311812 | E15: Panificacion tradicional | F15: =VLOOKUP(E15,Sheet1!$B$2:$C$78,2,0) -> 0 | G15: 11 a 30 personas | H15: CALLE | I15: GUADALUPE | J15: CALLE | K15: FRANCISCO I. MADERO | L15: CALLE | M15: 5 DE MAYO | N15: CALLE | O15: ÃLVARO OBREGÃ“N | P15: 0 | Q15: SN | V15: COLONIA | W15: CENTRO | AA15: 38000 | AB15: 11 | AC15: GUANAJUATO | AD15: 7 | AE15: CELAYA | AF15: 1 | AG15: Celaya | AH15: 156 | AI15: 10 | AJ15: 4616135872 | AM15: Fijo | AN15: 20.524145 | AO15: -100.81184 | AP15: 41974
A16: 6345492 | B16: ENVASADORAS DE AGUAS EN MEXICO S DE RL DE CV | C16: ENVASADORAS DE AGUAS EN MEXICO S DE RL DE CV | D16: 312112 | E16: Purificacion y embotellado de agua | F16: =VLOOKUP(E16,Sheet1!$B$2:$C$78,2,0) -> 0 | G16: 31 a 50 personas | H16: AVENIDA | I16: SUR 9 | J16: CALLE | K16: PONIENTE 7 | L16: AVENIDA | M16: MÃ‰XICO-JAPÃ“N | N16: AVENIDA | O16: TECNOLÃ“GICO | P16: 126 | T16: 0 | V16: COLONIA | W16: CIUDAD INDUSTRIAL | AA16: 38010 | AB16: 11 | AC16: GUANAJUATO | AD16: 7 | AE16: CELAYA | AF16: 1 | AG16: Celaya | AH16: 955 | AI16: 25 | AJ16: 4616118690 | AM16: Fijo | AN16: 20.550471 | AO16: -100.82112 | AP16: 40360
A17: 1356778 | B17: FÃBRICA DE ALIMENTOS SALADOS PARA ANIMALES | C17: NUBBA COMERCIALIZADORA, S.A. DE C.V. | D17: 311110 | E17: Elaboracion de alimentos para animales | F17: =VLOOKUP(E17,Sheet1!$B$2:$C$78,2,0) -> 0 | G17: 11 a 30 personas | H17: CARRETERA | I17: CELAYA-SALVATIERRA | J17: CAMINO | K17: NINGUNO | L17: PRIVADA | M17: NINGUNO | N17: VEREDA | O17: NINGUNO | P17: 0 | Q17: SN | V17: EJIDO | W17: MICHINELAS | AA17: 38140 | AB17: 11 | AC17: GUANAJUATO | AD17: 7 | AE17: CELAYA | AF17: 1 | AG17: Celaya | AH17: 1671 | AI17: 2 | AJ17: 4616121035 | AK17: RBNUT@PRODIGY.NET.MX | AM17: Fijo | AN17: 20.476809 | AO17: -100.80861 | AP17: 40360
A18: 1352691 | B18: FABRICA DE CAJETAS MEX CEL | C18: MEX C.E.L., S.A. DE C.V. | D18: 311340 | E18: Elaboracion de dulces, chicles y productos de confiteria que no sean de chocolate | F18: =VLOOKUP(E18,Sheet1!$B$2:$C$78,2,0) -> 0 | G18: 11 a 30 personas | H18: CALLE | I18: FRANCISCO I. MADERO | J18: CALLE | K18: 16 DE SEPTIEMBRE | L18: CALLE | M18: CHAPALA | N18: CALLE | O18: JOSÃ‰ MARÃA MORELOS | P18: 0 | Q18: SN | V18: COLONIA | W18: EL ZAPOTE | AA18: 38057 | AB18: 11 | AC18: GUANAJUATO | AD18: 7 | AE18: CELAYA | AF18: 1 | AG18: Celaya | AH18: 018A | AI18: 6 | AJ18: 4616132430 | AM18: Fijo | AN18: 20.522264 | AO18: -100.80441 | AP18: 40360
A19: 1356895 | B19: FÃBRICA DE PRODUCTOS LÃCTEOS QUECEL | D19: 311513 | E19: Elaboracion de derivados y fermentos lacteos | F19: =VLOOKUP(E19,Sheet1!$B$2:$C$78,2,0) -> 0 | G19: 11 a 30 personas | H19: CALLE | I19: VILLAGRÃN | J19: CAMINO | K19: CAMINO A JOFRE | L19: AVENIDA | M19: LÃZARO CÃRDENAS | N19: EJE VIAL | O19: JUAN PABLO II | P19: 302 | V19: COLONIA | W19: SANTA MARÃA | AA19: 38090 | AB19: 11 | AC19: GUANAJUATO | AD19: 7 | AE19: CELAYA | AF19: 1 | AG19: Celaya | AH19: 550 | AI19: 14 | AJ19: 4616167722 | AM19: Fijo | AN19: 20.497262 | AO19: -100.81319 | AP19: 40360
A20: 6204284 | B20: FRISOX, S.A. DE C.V. | D20: 315110 | E20: Fabricacion de calcetines y medias de tejido de punto | F20: =VLOOKUP(E20,Sheet1!$B$2:$C$78,2,0) -> 0 | G20: 31 a 50 personas | H20: CALLE | I20: PONIENTE 2 | K20: NORTE 9 | M20: NORTE 11 | N20: CALLE | O20: PONIENTE 4 | P20: 0 | Q20: SN | V20: COLONIA | W20: CIUDAD INDUSTRIAL | AA20: 38010 | AB20: 11 | AC20: GUANAJUATO | AD20: 7 | AE20: CELAYA | AF20: 1 | AG20: Celaya | AH20: 940 | AI20: 25 | AJ20: 14615983300 | AK20: COMPRAS@FRISOX.COM | AL20: WWW.FRISOX.COM | AM20: Fijo | AN20: 20.553649 | AO20: -100.81923 | AP20: 40360
A21: 6233229 | B21: GOCSA PLANTA CELAYA | C21: GEUSA DE OCCIDENTE SA DE CV | D21: 312111 | E21: Elaboracion de refrescos y otras bebidas no alcoholicas | F21: =VLOOKUP(E21,Sheet1!$B$2:$C$78,2,0) -> 0 | G21: 51 a 100 personas | H21: CARRETERA | I21: MIGUEL HIDALGO | J21: EJE VIAL | K21: NOR PONIENTE | L21: PROLONGACIÃ“N | M21: MIGUEL HIDALGO | N21: CALLE | O21: CONCEPCION BEISTEGUH | P21: 0 | Q21: SN | T21: 0 | V21: COLONIA | W21: LOS ALAMOS | AA21: 38024 | AB21: 11 | AC21: GUANAJUATO | AD21: 7 | AE21: CELAYA | AF21: 1 | AG21: Celaya | AH21: 724 | AI21: 1 | AM21: Fijo | AN21: 20.5194 | AO21: -100.84131 | AP21: 41974
A22: 6332875 | B22: GRUPO LAMESA SA DE CV | C22: GRUPO LAMESA SA DE CV | D22: 311512 | E22: Elaboracion de leche en polvo, condensada y evaporada | F22: =VLOOKUP(E22,Sheet1!$B$2:$C$78,2,0) -> 0 | G22: 101 a 250 personas | H22: AVENIDA | I22: MÃ‰XICO-JAPÃ“N | K22: NORTE SUR | L22: CALLE | M22: NORTE 3 | N22: CALLE | O22: PONIENTE 6 | P22: 206 | T22: 0 | V22: COLONIA | W22: CIUDAD INDUSTRIAL | AA22: 38010 | AB22: 11 | AC22: GUANAJUATO | AD22: 7 | AE22: CELAYA | AF22: 1 | AG22: Celaya | AH22: 940 | AI22: 28 | AJ22: 4616118717 | AK22: NZMFER01@YAHOO.COM.MX | AL22: WWW.GRUPOLAMESA.COM | AM22: Fijo | AN22: 20.550993 | AO22: -100.80469 | AP22: 40360
A23: 1253769 | B23: HIELO CELAYA | D23: 312113 | E23: Elaboracion de hielo | F23: =VLOOKUP(E23,Sheet1!$B$2:$C$78,2,0) -> 0 | G23: 11 a 30 personas | H23: AVENIDA | I23: MÃ‰XICO-JAPÃ“N | J23: CALLE | K23: NORTE 2 | L23: CALLE | M23: ORIENTE 2 | N23: AVENIDA | O23: MÃ‰XICO-JAPÃ“N | P23: 316 | V23: CIUDAD INDUSTRIAL | W23: INDUSTRIAL | AA23: 38001 | AB23: 11 | AC23: GUANAJUATO | AD23: 7 | AE23: CELAYA | AF23: 1 | AG23: Celaya | AH23: 1544 | AI23: 47 | AJ23: 4616133303 | AM23: Fijo | AN23: 20.550531 | AO23: -100.80026 | AP23: 41974
A24: 6334809 | B24: HIELO CRISTAL DE IRAPUATO SA DE CV | C24: HIELO CRISTAL DE IRAPUATO SA DE CV | D24: 312113 | E24: Elaboracion de hielo | F24: =VLOOKUP(E24,Sheet1!$B$2:$C$78,2,0) -> 0 | G24: 31 a 50 personas | H24: CARRETERA | I24: PANAMERICANA | K24: NINGUNO | M24: NINGUNO | O24: NINGUNO | P24: 0 | Q24: KILÃ“METRO 287 | T24: 0 | W24: NINGUNO | AA24: 38020 | AB24: 11 | AC24: GUANAJUATO | AD24: 7 | AE24: CELAYA | AF24: 461 | AG24: Ninguno [Hielera] | AH24: 29 | AI24: 800 | AJ24: 4616110093 | AM24: Fijo | AN24: 20.515278 | AO24: -100.90417 | AP24: 40360
A25: 6334808 | B25: HIELO CRISTAL DE IRAPUATO SA DE CV | C25: HIELO CRISTAL DE IRAPUATO SA DE CV | D25: 312113 | E25: Elaboracion de hielo | F25: =VLOOKUP(E25,Sheet1!$B$2:$C$78,2,0) -> 0 | G25: 31 a 50 personas | H25: AVENIDA | I25: CONSTITUYENTES | J25: PRIVADA | K25: ALHELÃES | L25: CALLE | M25: HENRRY DUNANT | N25: CALLE | O25: ALHELÃES | P25: 1700 | S25: 1 | T25: 0 | V25: COLONIA | W25: ROSALINDA II | X25: HOTEL | Y25: REAL DE MINAS | Z25: 1540 | AA25: 38060 | AB25: 11 | AC25: GUANAJUATO | AD25: 7 | AE25: CELAYA | AF25: 1 | AG25: Celaya | AH25: 1690 | AI25: 24 | AJ25: 4616148396 | AM25: Fijo | AN25: 20.51851 | AO25: -100.83971 | AP25: 40360
A26: 1248132 | B26: JC IMAGEN AUTOMOTRIZ, S.A. DE C.V. | C26: JC IMAGEN AUTOMOTRIZ, S.A. DE C.V. | D26: 314912 | E26: Confeccion de productos de textiles recubiertos y de materiales sucedaneos | F26: =VLOOKUP(E26,Sheet1!$B$2:$C$78,2,0) -> 0 | G26: 11 a 30 personas | H26: CALLE | I26: PEDRO VARGAS | J26: CALLE | K26: RUBÃ | L26: AVENIDA | M26: EL SAUZ | N26: CALLE | O26: JORGE NEGRETE | P26: 109 | V26: COLONIA | W26: IMPERIAL | AA26: 38020 | AB26: 11 | AC26: GUANAJUATO | AD26: 7 | AE26: CELAYA | AF26: 1 | AG26: Celaya | AH26: 1718 | AI26: 11 | AJ26: 4616161644 | AK26: JC_IMAGENAUTOTRIZ@PRODIGY.NET.MX | AM26: Fijo | AN26: 20.548588 | AO26: -100.8458 | AP26: 41974
A27: 1352661 | B27: KEUKA MÃ‰XICO | C27: KEUKA MÃ‰XICO, S.A. DE C.V. | D27: 315223 | E27: Confeccion en serie de uniformes | F27: =VLOOKUP(E27,Sheet1!$B$2:$C$78,2,0) -> 0 | G27: 11 a 30 personas | H27: CALLE | I27: FRANCISCO I. MADERO | K27: NINGUNO | L27: CALLE | M27: 16 DE SEPTIEMBRE | N27: CALLE | O27: JOSÃ‰ MARÃA MORELOS | P27: 0 | Q27: SN | V27: COLONIA | W27: CENTRO | AA27: 38000 | AB27: 11 | AC27: GUANAJUATO | AD27: 7 | AE27: CELAYA | AF27: 1 | AG27: Celaya | AH27: 018A | AI27: 5 | AJ27: 4616162681 | AM27: Fijo | AN27: 20.522219 | AO27: -100.80366 | AP27: 40360
A28: 1249127 | B28: MAQUILADORA SIN NOMBRE | D28: 315229 | E28: Confeccion en serie de otra ropa exterior de materiales textiles | F28: =VLOOKUP(E28,Sheet1!$B$2:$C$78,2,0) -> 0 | G28: 11 a 30 personas | H28: AVENIDA | I28: DEL SOL | J28: PRIVADA | K28: HACIENDA DE LOS AGUSTINOS | L28: CALLE | M28: FELIPE ÃNGELES | N28: AVENIDA | O28: DEL SOL | P28: 224 | W28: RINCÃ“N DE TAMAYO | AA28: 38150 | AB28: 11 | AC28: GUANAJUATO | AD28: 7 | AE28: CELAYA | AF28: 143 | AG28: Rincon de Tamayo | AH28: 917 | AI28: 1 | AM28: Fijo | AN28: 20.421909 | AO28: -100.76608 | AP28: 41974
A29: 1347113 | B29: MASERTEX | D29: 315229 | E29: Confeccion en serie de otra ropa exterior de materiales textiles | F29: =VLOOKUP(E29,Sheet1!$B$2:$C$78,2,0) -> 0 | G29: 11 a 30 personas | H29: CALLE | I29: PONIENTE 4 | J29: CALLE | K29: NORTE 3 | L29: AVENIDA | M29: NORTE 5 | N29: CALLE | O29: NINGUNO | P29: 0 | Q29: SN | V29: COLONIA | W29: CIUDAD INDUSTRIAL | AA29: 38010 | AB29: 11 | AC29: GUANAJUATO | AD29: 7 | AE29: CELAYA | AF29: 1 | AG29: Celaya | AH29: 940 | AI29: 39 | AJ29: 9616116511 | AK29: MASE.MARG@HOTMAIL.COM | AM29: Fijo | AN29: 20.554414 | AO29: -100.81249 | AP29: 40360
A30: 6330618 | B30: MOLINERA DE MEXICO SA DE CV | C30: MOLINERA DE MEXICO SA DE CV | D30: 311212 | E30: Elaboracion de harina de trigo | F30: =VLOOKUP(E30,Sheet1!$B$2:$C$78,2,0) -> 0 | G30: 101 a 250 personas | H30: AVENIDA | I30: 12 DE OCTUBRE | J30: CALLE | K30: LUIS ENRIQUE ERRO | L30: AVENIDA | M30: 12 DE OCTUBRE | N30: CALLE | O30: ANDRES QUINTANA ROO | P30: 0 | Q30: SN | T30: 0 | U30: SN | V30: COLONIA | W30: GIRASOLES | AA30: 38020 | AB30: 11 | AC30: GUANAJUATO | AD30: 7 | AE30: CELAYA | AF30: 1 | AG30: Celaya | AH30: 1065 | AI30: 26 | AJ30: 4616188470 | AL30: WWW.GRUMA.COM | AM30: Fijo | AN30: 20.520648 | AO30: -100.83807 | AP30: 40360
A31: 6330256 | B31: NUBBA COMERCIAL SA DE CV | C31: NUBBA COMERCIAL SA DE CV | D31: 311110 | E31: Elaboracion de alimentos para animales | F31: =VLOOKUP(E31,Sheet1!$B$2:$C$78,2,0) -> 0 | G31: 31 a 50 personas | H31: CALLE | I31: PASEO DE LOS CONSTITUYENTES | J31: CALLE | K31: DIVISIÃ“N DEL NORTE | L31: CALLE | M31: PASEO DE LOS CONSTITUYENTES | N31: CALLE | O31: LENACIA GÃ“MEZ | P31: 202 | T31: 0 | V31: COLONIA | W31: EL VERGEL | AA31: 38070 | AB31: 11 | AC31: GUANAJUATO | AD31: 7 | AE31: CELAYA | AF31: 1 | AG31: Celaya | AH31: 1224 | AI31: 26 | AJ31: 4616121035 | AK31: T.NAVA@RBNUT.COM | AM31: Fijo | AN31: 20.513467 | AO31: -100.8027 | AP31: 40360
A32: 1356160 | B32: PANADERÃA EL BEBE | D32: 311812 | E32: Panificacion tradicional | F32: =VLOOKUP(E32,Sheet1!$B$2:$C$78,2,0) -> 0 | G32: 11 a 30 personas | H32: PROLONGACIÃ“N | I32: DE GUANAJUATO | J32: CALLE | K32: PASEO DE LOS ÃLAMOS | L32: AVENIDA | M32: TRES GUERRAS | N32: CALLE | O32: JACARANDAS | P32: 6 | V32: COLONIA | W32: JARDINES DE CELAYA | AA32: 38080 | AB32: 11 | AC32: GUANAJUATO | AD32: 7 | AE32: CELAYA | AF32: 1 | AG32: Celaya | AH32: 809 | AI32: 1 | AJ32: 4616162893 | AM32: Fijo | AN32: 20.51475 | AO32: -100.792 | AP32: 40360
A33: 1353286 | B33: PANADERÃA EL RICO PAN | D33: 311812 | E33: Panificacion tradicional | F33: =VLOOKUP(E33,Sheet1!$B$2:$C$78,2,0) -> 0 | G33: 11 a 30 personas | H33: CALLE | I33: BRÃGIDA ÃLVAREZ | J33: CALLE | K33: MARÃA CHÃVEZ | L33: CALLE | M33: MARÃA VICENTA ELIZARRARAS | N33: AVENIDA | O33: BOULEVARD ADOLFO LÃ“PEZ MATEOS | P33: 136 | V33: COLONIA | W33: LAS INSURGENTES | AA33: 38080 | AB33: 11 | AC33: GUANAJUATO | AD33: 7 | AE33: CELAYA | AF33: 1 | AG33: Celaya | AH33: 1099 | AI33: 14 | AJ33: 4616127749 | AM33: Fijo | AN33: 20.520974 | AO33: -100.79581 | AP33: 40360
A34: 1348395 | B34: PANADERÃA EL TRIGAL | C34: PANADERÃA EL TRIGAL, S.A. DE C.V. | D34: 311812 | E34: Panificacion tradicional | F34: =VLOOKUP(E34,Sheet1!$B$2:$C$78,2,0) -> 0 | G34: 11 a 30 personas | H34: AVENIDA | I34: PROFESOR FRANCISCO JUÃREZ | J34: CALLE | K34: ALBINO GARCÃA | L34: CALLE | M34: MANUEL DOBLADO | N34: CALLE | O34: MARIANO ABASOLO | P34: 525 | V34: COLONIA | W34: TIERRAS NEGRAS | AA34: 38048 | AB34: 11 | AC34: GUANAJUATO | AD34: 7 | AE34: CELAYA | AF34: 1 | AG34: Celaya | AH34: 137 | AI34: 5 | AJ34: 4616147410 | AM34: Fijo | AN34: 20.525172 | AO34: -100.82602 | AP34: 40360
A35: 1347395 | B35: PANADERÃA SIN NOMBRE | D35: 311812 | E35: Panificacion tradicional | F35: =VLOOKUP(E35,Sheet1!$B$2:$C$78,2,0) -> 0 | G35: 11 a 30 personas | H35: CALLE | I35: MARIANO JIMÃ‰NEZ | J35: CALLE | K35: GENERALA ANTONIA NAVA DE CATALÃN | L35: CALLE | M35: MARIANO ABASOLO | N35: CALLE | O35: HERMENEGILDO GALEANA | P35: 0 | Q35: SN | V35: COLONIA | W35: MARIANO JIMÃ‰NEZ | AA35: 38048 | AB35: 11 | AC35: GUANAJUATO | AD35: 7 | AE35: CELAYA | AF35: 1 | AG35: Celaya | AH35: 103 | AI35: 30 | AJ35: 4611699146 | AM35: Fijo | AN35: 20.529105 | AO35: -100.82372 | AP35: 40360
A36: 6227834 | B36: PANAMCO MEXICO SA DE CV | C36: PANAMCO MEXICO SA DE CV | D36: 312111 | E36: Elaboracion de refrescos y otras bebidas no alcoholicas | F36: =VLOOKUP(E36,Sheet1!$B$2:$C$78,2,0) -> 0 | G36: 31 a 50 personas | H36: CARRETERA | I36: A QUERÃ‰TARO | J36: CALLE | K36: ADOLFO DE LA HUERTA | L36: CALLE | M36: ROSA BLANCA | N36: CALLE | O36: NINGUNO | P36: 0 | Q36: SN | T36: 0 | V36: COLONIA | W36: TRES GUERRAS | AA36: 38080 | AB36: 11 | AC36: GUANAJUATO | AD36: 7 | AE36: CELAYA | AF36: 1 | AG36: Celaya | AH36: 813 | AI36: 4 | AJ36: 4611595937 | AM36: Fijo | AN36: 20.515915 | AO36: -100.78321 | AP36: 40360
A37: 6331279 | B37: PANAMCO MEXICO SA DE CV | C37: PANAMCO MEXICO SA DE CV | D37: 312111 | E37: Elaboracion de refrescos y otras bebidas no alcoholicas | F37: =VLOOKUP(E37,Sheet1!$B$2:$C$78,2,0) -> 0 | G37: 31 a 50 personas | H37: CARRETERA | I37: A QUERÃ‰TARO | J37: CALLE | K37: MIGUEL ALEMÃN | L37: CALLE | M37: PRESA BLANCA | N37: CALLEJÃ“N | O37: 3 GUERRAS | P37: 0 | Q37: KILÃ“METRO 370 | T37: 0 | V37: COLONIA | W37: TRES GUERRAS | AA37: 38130 | AB37: 11 | AC37: GUANAJUATO | AD37: 7 | AE37: CELAYA | AF37: 1 | AG37: Celaya | AH37: 813 | AI37: 4 | AM37: Fijo | AN37: 20.515914 | AO37: -100.7832 | AP37: 40360
A38: 1348296 | B38: PANIFICADORA CUELLAR EL FÃ‰NIX | C38: PANIFICADORA CUELLAR, S.A. DE C.V. | D38: 311812 | E38: Panificacion tradicional | F38: =VLOOKUP(E38,Sheet1!$B$2:$C$78,2,0) -> 0 | G38: 11 a 30 personas | H38: CALLE | I38: MANUEL DOBLADO | J38: CALLE | K38: LEANDRO VALLE | L38: CALLE | M38: MARIANO ABASOLO | N38: CALLE | O38: ANDRÃ‰S QUINTANA ROO | P38: 426 | V38: COLONIA | W38: CENTRO | AA38: 38000 | AB38: 11 | AC38: GUANAJUATO | AD38: 7 | AE38: CELAYA | AF38: 1 | AG38: Celaya | AH38: 137 | AI38: 2 | AJ38: 4616120534 | AM38: Fijo | AN38: 20.523212 | AO38: -100.82157 | AP38: 40360
A39: 1349095 | B39: PANIFICADORA EL SOL | C39: PANIFICADORA EL SOL DE IRAPUATO, S.A. DE C.V. | D39: 311812 | E39: Panificacion tradicional | F39: =VLOOKUP(E39,Sheet1!$B$2:$C$78,2,0) -> 0 | G39: 11 a 30 personas | H39: CALLE | I39: COLUNGA GUERRERO | J39: CALLE | K39: CORREGIDORA | L39: AVENIDA | M39: LICENCIADO BENITO JUÃREZ | N39: AVENIDA | O39: MIGUEL HIDALGO | P39: 102 | V39: COLONIA | W39: CENTRO | AA39: 38000 | AB39: 11 | AC39: GUANAJUATO | AD39: 7 | AE39: CELAYA | AF39: 1 | AG39: Celaya | AH39: 156 | AI39: 12 | AJ39: 4616138112 | AM39: Fijo | AN39: 20.522157 | AO39: -100.81464 | AP39: 40360
A40: 1348886 | B40: PASTELERÃA LAS DÃAZ BARRIGA, S.A. DE C.V. | C40: PASTELERÃA LAS DÃAZ BARRIGA, S.A. DE C.V. | D40: 311812 | E40: Panificacion tradicional | F40: =VLOOKUP(E40,Sheet1!$B$2:$C$78,2,0) -> 0 | G40: 11 a 30 personas | H40: CALLE | I40: ÃLVARO OBREGÃ“N | J40: PRIVADA | K40: ÃLVARO OBREGÃ“N | L40: CALLE | M40: AGUILAR Y MAYA | N40: AVENIDA | O40: LICENCIADO BENITO JUÃREZ | P40: 344 | Q40: C | V40: COLONIA | W40: ALAMEDA | AA40: 38050 | AB40: 11 | AC40: GUANAJUATO | AD40: 7 | AE40: CELAYA | AF40: 1 | AG40: Celaya | AH40: 156 | AI40: 25 | AJ40: 4616127663 | AK40: PASTELERIADIAZBARRIGA@YAHOO.COM.MX | AM40: Fijo | AN40: 20.528089 | AO40: -100.81314 | AP40: 40360
A41: 1350119 | B41: PASTELERÃA Y PANADERÃA MARÃA CRISTINA | D41: 311812 | E41: Panificacion tradicional | F41: =VLOOKUP(E41,Sheet1!$B$2:$C$78,2,0) -> 0 | G41: 11 a 30 personas | H41: AVENIDA | I41: LICENCIADO BENITO JUÃREZ | J41: AVENIDA | K41: LICENCIADO BENITO JUÃREZ | L41: CALLE | M41: 5 DE MAYO | N41: CALLE | O41: ÃLVARO OBREGÃ“N | P41: 453 | V41: COLONIA | W41: CENTRO | AA41: 38000 | AB41: 11 | AC41: GUANAJUATO | AD41: 7 | AE41: CELAYA | AF41: 1 | AG41: Celaya | AH41: 156 | AI41: 8 | AJ41: 4616129309 | AM41: Fijo | AN41: 20.525872 | AO41: -100.81513 | AP41: 40360
A42: 6261094 | B42: PIGMENTOS VEGETALES DEL CENTRO, S.A. DE C.V. | C42: PIGMENTOS VEGETALES DEL CENTRO, S.A. DE C.V. | D42: 311940 | E42: Elaboracion de condimentos y aderezos | F42: =VLOOKUP(E42,Sheet1!$B$2:$C$78,2,0) -> 0 | G42: 101 a 250 personas | H42: CAMINO | I42: CAMINO A SAN JOSE DE GUANAJUATO | J42: CALLE | K42: NINGUNO | L42: CALLE | M42: NINGUNO | N42: CALLE | O42: NINGUNO | P42: 3 | T42: 0 | V42: EJIDO | W42: 3A SECCIÃ“N DE CRESPO EXHACIENDA ESTRADA | AA42: 38020 | AB42: 11 | AC42: GUANAJUATO | AD42: 7 | AE42: CELAYA | AF42: 674 | AG42: Ninguno [Balneario] | AH42: 71 | AI42: 800 | AM42: Fijo | AN42: 20.497808 | AO42: -100.84001 | AP42: 41974
A43: 6329712 | B43: PLANTA DE ALIMENTOS DIVISION BAJIO | C43: BACHOCO SA DE CV | D43: 311110 | E43: Elaboracion de alimentos para animales | F43: =VLOOKUP(E43,Sheet1!$B$2:$C$78,2,0) -> 0 | G43: 51 a 100 personas | H43: CALLE | I43: EJE NOR-PONIENTE | J43: CALLE | K43: REAL DEL POTOSÃ | L43: EJE VIAL | M43: NOR PONIENTE | N43: CALLE | O43: PABLO A DE LA GARZA | P43: 0 | Q43: SN | T43: 0 | V43: COLONIA | W43: NINGUNO | AA43: 38010 | AB43: 11 | AC43: GUANAJUATO | AD43: 7 | AE43: CELAYA | AF43: 1 | AG43: Celaya | AH43: 724 | AI43: 2 | AJ43: 4616143504 | AK43: MARTHA.RAMOS@BACHOCO.MX | AM43: Fijo | AN43: 20.519941 | AO43: -100.84891 | AP43: 40360
A44: 1347109 | B44: PRODUCTOS DOLCHE DEL BAJÃO, S.A. DE C.V. | C44: PRODUCTOS DOLCHE DEL BAJÃO, S.A. DE C.V. | D44: 311340 | E44: Elaboracion de dulces, chicles y productos de confiteria que no sean de chocolate | F44: =VLOOKUP(E44,Sheet1!$B$2:$C$78,2,0) -> 0 | G44: 31 a 50 personas | H44: AVENIDA | I44: MÃ‰XICO-JAPÃ“N | J44: AVENIDA | K44: NORTE 7 | L44: CALLE | M44: NORTE 3 | N44: PRIVADA | O44: NINGUNO | P44: 160 | V44: COLONIA | W44: CIUDAD INDUSTRIAL | AA44: 38010 | AB44: 11 | AC44: GUANAJUATO | AD44: 7 | AE44: CELAYA | AF44: 1 | AG44: Celaya | AH44: 940 | AI44: 37 | AJ44: 4616115666 | AK44: COBRANZA@DOCHE.COM.MX | AL44: WWW.DOLCHE.COM.MX | AM44: Fijo | AN44: 20.551817 | AO44: -100.81277 | AP44: 40360
A45: 1357049 | B45: PRODUCTOS LA ESPECIAL | D45: 311340 | E45: Elaboracion de dulces, chicles y productos de confiteria que no sean de chocolate | F45: =VLOOKUP(E45,Sheet1!$B$2:$C$78,2,0) -> 0 | G45: 11 a 30 personas | H45: CARRETERA | I45: PANAMERICANA | J45: CALLE | K45: ALAMEDA | L45: CALLE | M45: NINGUNO | N45: CALLE | O45: FERROCARRIL | P45: 0 | Q45: SN | V45: COLONIA | W45: SEGUNDA FRACCIÃ“N DE CRESPO | AA45: 38110 | AB45: 11 | AC45: GUANAJUATO | AD45: 7 | AE45: CELAYA | AF45: 154 | AG45: San Isidro Crespo | AH45: 870 | AI45: 9 | AJ45: 4616110686 | AK45: ADMON@PRODUCTOSLAESPECIAL.COM | AL45: WWW.PRODUCTOSLAESPECIAL.COM | AM45: Fijo | AN45: 20.516325 | AO45: -100.88322 | AP45: 40360
A46: 6332889 | B46: PRODUCTOS LACTEOS LA LAJA, S.A. DE C.V. | C46: PRODUCTOS LACTEOS LA LAJA, S.A. DE C.V. | D46: 311513 | E46: Elaboracion de derivados y fermentos lacteos | F46: =VLOOKUP(E46,Sheet1!$B$2:$C$78,2,0) -> 0 | G46: 101 a 250 personas | H46: CALLE | I46: GÃœÃ‰MEZ | J46: CALLE | K46: SAN FERNANDO | L46: CALLE | M46: GÃœÃ‰MEZ | N46: CALLE | O46: SAN LUIS POTOSÃ | P46: 100 | T46: 0 | V46: COLONIA | W46: INDEPENDENCIA | AA46: 38090 | AB46: 11 | AC46: GUANAJUATO | AD46: 7 | AE46: CELAYA | AF46: 1 | AG46: Celaya | AH46: 565 | AI46: 1 | AJ46: 4616166013 | AK46: LA_LAJA@PRODIGY.NET.MX | AL46: WWW.CORTIJOLAJA.COM | AM46: Fijo | AN46: 20.493676 | AO46: -100.81261 | AP46: 40360
A47: 6332888 | B47: RASTRO MUNICIPAL | C47: MUNICIPIO DE CELAYA | D47: 311611 | E47: Matanza de ganado, aves y otros animales comestibles | F47: =VLOOKUP(E47,Sheet1!$B$2:$C$78,2,0) -> 0 | G47: 51 a 100 personas | H47: CALLE | I47: HELIOTROPO | J47: CALLE | K47: LA SOLEDAD | L47: CALLE | M47: GUANAJUATO | N47: CALLE | O47: NOCHE BUENA | P47: 0 | Q47: SN | T47: 0 | V47: COLONIA | W47: LAS FLORES | X47: CORREDOR INDUSTRIAL | Y47: SIN NOMBRE | Z47: SN | AA47: 38090 | AB47: 11 | AC47: GUANAJUATO | AD47: 7 | AE47: CELAYA | AF47: 1 | AG47: Celaya | AH47: 300 | AI47: 14 | AJ47: 4616167699 | AK47: CTORRES@CELAYA.GOB.MX | AM47: Fijo | AN47: 20.50266 | AO47: -100.81546 | AP47: 40360
A48: 6332895 | B48: RICAP SA DE CV | C48: RICAP SA DE CV | D48: 311930 | E48: Elaboracion de concentrados, polvos, jarabes y esencias de sabor para bebidas | F48: =VLOOKUP(E48,Sheet1!$B$2:$C$78,2,0) -> 0 | G48: 51 a 100 personas | H48: AVENIDA | I48: EL VERGEL | J48: AVENIDA | K48: NINGUNO | M48: NINGUNO | N48: CALLE | O48: INDEPENDENCIA | P48: 201 | T48: 0 | V48: PARQUE INDUSTRIAL | W48: EL VERGEL | AA48: 38110 | AB48: 11 | AC48: GUANAJUATO | AD48: 7 | AE48: CELAYA | AF48: 7013 | AG48: Localidad economica | AH48: 71 | AI48: 800 | AJ48: 4611742450 | AL48: WWW.GRUPORICAP.COM | AM48: Fijo | AN48: 20.522806 | AO48: -100.88418 | AP48: 40360
A49: 6330037 | B49: SALCHICHONERIA GUNTER, S.A. DE C.V. | C49: SALCHICHONERIA GUNTER, S.A. DE C.V. | D49: 311613 | E49: Preparacion de embutidos y otras conservas de carne de ganado, aves y otros animales comestibles | F49: =VLOOKUP(E49,Sheet1!$B$2:$C$78,2,0) -> 0 | G49: 31 a 50 personas | H49: PRIVADA | I49: PROLONGACIÃ“N LERDO | J49: AVENIDA | K49: TINTORETTO | L49: AVENIDA | M49: TINTORETTO | N49: CALLE | O49: VALLE DE LERMA | P49: 0 | Q49: SN | T49: 0 | V49: COLONIA | W49: RENACIMIENTO | AA49: 38044 | AB49: 11 | AC49: GUANAJUATO | AD49: 7 | AE49: CELAYA | AF49: 1 | AG49: Celaya | AH49: 1031 | AI49: 10 | AJ49: 4616144324 | AL49: WWW.GUNTER.COM.MX | AM49: Fijo | AN49: 20.518519 | AO49: -100.83099 | AP49: 40360
A50: 6330733 | B50: SENSIENT FLAVORS MEXICO SA DE CV | C50: SENSIENT FLAVORS MEXICO SA DE CV | D50: 311940 | E50: Elaboracion de condimentos y aderezos | F50: =VLOOKUP(E50,Sheet1!$B$2:$C$78,2,0) -> 0 | G50: 101 a 250 personas | H50: CALLE | I50: CONCEPCIÃ“N BÃ‰ISTEGUI | J50: CALLE | K50: EJE NOR-PONIENTE | L50: CALLE | M50: REAL DEL POTOSÃ | N50: CALLE | O50: TETOUAN | P50: 0 | Q50: SN | T50: 0 | V50: COLONIA | W50: GIRASOLES | AA50: 38060 | AB50: 11 | AC50: GUANAJUATO | AD50: 7 | AE50: CELAYA | AF50: 1 | AG50: Celaya | AH50: 724 | AI50: 2 | AJ50: 4612021261 | AK50: ROBERTO.ALBORES@SENSIENT.COM | AM50: Fijo | AN50: 20.519982 | AO50: -100.84812 | AP50: 40360
A51: 1246112 | B51: SUSAZON, S.A. DE C.V. | C51: SUSAZON, S.A. DE C.V. | D51: 311612 | E51: Corte y empacado de carne de ganado, aves y otros animales comestibles | F51: =VLOOKUP(E51,Sheet1!$B$2:$C$78,2,0) -> 0 | G51: 101 a 250 personas | H51: CALLE | I51: ÃLVARO OBREGÃ“N | J51: AVENIDA | K51: MÃ‰XICO-JAPÃ“N | L51: CALLE | M51: NINGUNO | N51: CALLE | O51: ADMINISTRADORES | P51: 0 | Q51: SN | V51: COLONIA | W51: CIUDAD INDUSTRIAL | AA51: 38010 | AB51: 11 | AC51: GUANAJUATO | AD51: 7 | AE51: CELAYA | AF51: 1 | AG51: Celaya | AH51: 955 | AI51: 32 | AJ51: 4616116766 | AM51: Fijo | AN51: 20.549712 | AO51: -100.8037 | AP51: 41974
A52: 1244350 | B52: TODO PROTECCIÃ“N, S. DE R.L. DE C.V. | C52: TODO PROTECCIÃ“N, S. DE R.L. DE C.V. | D52: 315223 | E52: Confeccion en serie de uniformes | F52: =VLOOKUP(E52,Sheet1!$B$2:$C$78,2,0) -> 0 | G52: 11 a 30 personas | H52: CALLE | I52: ALBINO GARCÃA | J52: AVENIDA | K52: PROFESOR FRANCISCO JUÃREZ | L52: CALLE | M52: MARIANO ABASOLO | N52: CALLE | O52: MANUEL DOBLADO | P52: 320 | V52: COLONIA | W52: TIERRAS NEGRAS | AA52: 38048 | AB52: 11 | AC52: GUANAJUATO | AD52: 7 | AE52: CELAYA | AF52: 1 | AG52: Celaya | AH52: 137 | AI52: 5 | AJ52: 4616151626 | AM52: Fijo | AN52: 20.525116 | AO52: -100.82495 | AP52: 41974
A53: 6331012 | B53: VERSAFLEX SA DE CV | C53: VERSAFLEX SA DE CV | D53: 314912 | E53: Confeccion de productos de textiles recubiertos y de materiales sucedaneos | F53: =VLOOKUP(E53,Sheet1!$B$2:$C$78,2,0) -> 0 | G53: 31 a 50 personas | H53: CALLE | I53: GENOVEVO DE LA O | J53: CALLE | K53: REYNALDO LECONA | L53: CALLE | M53: UNIÃ“N | N53: CALLE | O53: GENARO AMEZCUA | P53: 231 | T53: 0 | V53: COLONIA | W53: EMILIANO ZAPATA NORTE | AA53: 38030 | AB53: 11 | AC53: GUANAJUATO | AD53: 7 | AE53: CELAYA | AF53: 1 | AG53: Celaya | AH53: 1544 | AI53: 10 | AJ53: 4616129094 | AK53: MAYRA@VERSAFLEX.COM.MX | AL53: WWW.VERSAFLEX.COM.MX | AM53: Fijo | AN53: 20.545697 | AO53: -100.79656 | AP53: 40360
A54: 6333581 | B54: VERSAFLEX SA DE CV | C54: VERSAFLEX SA DE CV | D54: 314912 | E54: Confeccion de productos de textiles recubiertos y de materiales sucedaneos | F54: =VLOOKUP(E54,Sheet1!$B$2:$C$78,2,0) -> 0 | G54: 11 a 30 personas | H54: CALLE | I54: COLIMA | J54: CALLE | K54: SALTILLO | L54: CALLE | M54: MEXICALI | N54: CALLE | O54: CIUDAD VICTORIA | P54: 189 | T54: 0 | V54: COLONIA | W54: SANTA RITA | AA54: 38035 | AB54: 11 | AC54: GUANAJUATO | AD54: 7 | AE54: CELAYA | AF54: 1 | AG54: Celaya | AH54: 1135 | AI54: 2 | AJ54: 4616113013 | AL54: WWW.VERSAFLEX.COM.MX | AM54: Fijo | AN54: 20.551143 | AO54: -100.78623 | AP54: 40360
A55: 6717390 | B55: ANTITRIPS DE MÃ‰XICO | C55: ANTITRIPS DE MEXICO, S.A. DE C.V. | D55: 326199 | E55: Fabricacion de otros productos de plastico sin reforzamiento | F55: =VLOOKUP(E55,Sheet1!$B$2:$C$78,2,0) -> 0 | G55: 51 a 100 personas | H55: CALLE | I55: MIGUEL HIDALGO | J55: CALLE | K55: OCTAVIO PAZ | L55: CALLE | M55: NINGUNA | N55: OTRA (ESPECIFICAR) | O55: NINGUNO | P55: 12 | T55: 0 | V55: COLONIA | W55: San Isidro De Silva | AA55: 38114 | AB55: 11 | AC55: GUANAJUATO | AD55: 7 | AE55: CELAYA | AF55: 182 | AG55: Ejido de Silva (San Isidro) | AH55: 29 | AI55: 800 | AL55: NO TIENE | AM55: Fijo | AN55: 20.569388 | AO55: -100.83533 | AP55: 42370
A56: 6478031 | B56: ARENAS ,BASALTOS ,CONCRETOS Y DERIVADOS, S.A. DE C.V. | C56: ARENAS, BASALTOS ,CONCRETOS Y DERIVADOS, S.A. DE C.V. | D56: 327330 | E56: Fabricacion de tubos y bloques de cemento y concreto | F56: =VLOOKUP(E56,Sheet1!$B$2:$C$78,2,0) -> 0 | G56: 11 a 30 personas | H56: CALLE | I56: LAUREL | J56: CALLE | K56: SN | L56: CALLE | M56: SN | N56: CALLE | O56: SN | P56: 0 | Q56: SN | V56: PARQUE INDUSTRIAL | W56: EL VERGEL | X56: PARQUE INDUSTRIAL | Y56: EL VERGEL | Z56: SN | AA56: 38110 | AB56: 11 | AC56: GUANAJUATO | AD56: 7 | AE56: CELAYA | AF56: 7013 | AG56: Localidad economica | AH56: 71 | AI56: 800 | AJ56: 4616167000 | AM56: Fijo | AN56: 20.522806 | AO56: -100.88418 | AP56: 41974
A57: 6332735 | B57: BETA PROCESOS | C57: BETA PROCESOS, S.A. DE C.V. | D57: 325610 | E57: Fabricacion de jabones, limpiadores y dentifricos | F57: =VLOOKUP(E57,Sheet1!$B$2:$C$78,2,0) -> 0 | G57: 101 a 250 personas | H57: AVENIDA | I57: MÃ‰XICO-JAPÃ“N | J57: AVENIDA | K57: MÃ‰XICO-JAPÃ“N | L57: AVENIDA | M57: NORTE II | N57: CALLE | O57: PONIENTE 2 | P57: 0 | Q57: LOTE 17 Y | T57: 0 | V57: COLONIA | W57: CIUDAD INDUSTRIAL | AA57: 38010 | AB57: 11 | AC57: GUANAJUATO | AD57: 7 | AE57: CELAYA | AF57: 1 | AG57: Celaya | AH57: 940 | AI57: 26 | AJ57: 4616115104 | AK57: COSTOS@BETAPROCESOS.COM.MX | AL57: WWW.BETAPROCESOS.COM.MX | AM57: Fijo | AN57: 20.55204 | AO57: -100.81435 | AP57: 40360
A58: 1252685 | B58: CARPINTERÃA CASTELLANOS | D58: 321910 | E58: Fabricacion de productos de madera para la construccion | F58: =VLOOKUP(E58,Sheet1!$B$2:$C$78,2,0) -> 0 | G58: 11 a 30 personas | H58: AVENIDA | I58: ARRAYANES | J58: CALLE | K58: GUAYABO | L58: CALLE | M58: PARAÃSO | N58: CALLE | O58: SIDRA | P58: 441 | V58: COLONIA | W58: DEL BOSQUE 3 SECCIÃ“N | AA58: 38080 | AB58: 11 | AC58: GUANAJUATO | AD58: 7 | AE58: CELAYA | AF58: 1 | AG58: Celaya | AH58: 654 | AI58: 24 | AJ58: 4616085839 | AM58: Fijo | AN58: 20.503798 | AO58: -100.79496 | AP58: 41974
A59: 6236565 | B59: CEKAYA HONDA 2 | C59: CEMEX CONCRETOS SA DE CV | D59: 327320 | E59: Fabricacion de concreto | F59: =VLOOKUP(E59,Sheet1!$B$2:$C$78,2,0) -> 0 | G59: 11 a 30 personas | I59: SUR | P59: 6 | T59: 0 | W59: RINCON DE TAMAYO | AA59: 0 | AB59: 11 | AC59: GUANAJUATO | AD59: 7 | AE59: CELAYA | AF59: 1 | AG59: Celaya | AH59: 103 | AI59: 1 | AM59: Fijo | AN59: 20.531667 | AO59: -100.82311 | AP59: 41974
A60: 6236562 | B60: CELAYA | C60: CEMEX CONCRETOS SA DE CV | D60: 327320 | E60: Fabricacion de concreto | F60: =VLOOKUP(E60,Sheet1!$B$2:$C$78,2,0) -> 0 | G60: 11 a 30 personas | I60: CELAYA - SAN JOSÃ‰ | P60: 0 | Q60: SN | T60: 0 | W60: SIN DATO | AA60: 0 | AB60: 11 | AC60: GUANAJUATO | AD60: 7 | AE60: CELAYA | AF60: 1 | AG60: Celaya | AH60: 103 | AI60: 1 | AM60: Fijo | AN60: 20.531667 | AO60: -100.82312 | AP60: 41974
A61: 1356792 | B61: CONCRETOS APASCO, S.A. DE C.V. HOLCIM | C61: CONCRETOS APASCO, S.A. DE C.V. | D61: 327320 | E61: Fabricacion de concreto | F61: =VLOOKUP(E61,Sheet1!$B$2:$C$78,2,0) -> 0 | G61: 11 a 30 personas | H61: PRIVADA | I61: RENOVACIÃ“N | J61: CALLE | K61: SEGUNDA DE PROLONGACIÃ“N IGNACIO ALLENDE O SEGUNDA CERRADA DE LÃZARO CÃRDENAS | L61: CALLE | M61: CANAL | N61: CALLE | O61: CAMINO A JOFRE | P61: 0 | Q61: SN | V61: COLONIA | W61: LAS FLORES | AA61: 38090 | AB61: 11 | AC61: GUANAJUATO | AD61: 7 | AE61: CELAYA | AF61: 1 | AG61: Celaya | AH61: 1525 | AI61: 29 | AJ61: 4616115270 | AK61: JAZIEL.ORTIZC@HOLCIM.COM | AL61: WWW.HOLCIM.COM | AM61: Fijo | AN61: 20.506356 | AO61: -100.81433 | AP61: 40360
A62: 6697485 | B62: CONCRETOS CRUZ AZUL | C62: AZUL CONCRETOS Y PREMEZCLADOS, S.A. DE C.V. | D62: 327320 | E62: Fabricacion de concreto | F62: =VLOOKUP(E62,Sheet1!$B$2:$C$78,2,0) -> 0 | G62: 11 a 30 personas | H62: CARRETERA | I62: Panamericana | J62: CALLE | K62: Francisco Villa | L62: CALLE | M62: Ninguno | N62: CALLE | O62: Las Arboledas | P62: 0 | Q62: SN | T62: 0 | V62: RANCHERÃA | W62: Segunda Fraccion De Crespo | AA62: 38110 | AB62: 11 | AC62: GUANAJUATO | AD62: 7 | AE62: CELAYA | AF62: 154 | AG62: San Isidro Crespo | AH62: 885 | AI62: 16 | AJ62: 14616111274 | AK62: JP-_CELAYA122@CONCRETOSCRUZAZUL.COM.MX | AL62: NO TIENE | AM62: Fijo | AN62: 20.516389 | AO62: -100.87768 | AP62: 42370
A63: 6233141 | B63: CONCRETOS HOLCIM | C63: CONCRETOS APASCO SA DE CV | D63: 327320 | E63: Fabricacion de concreto | F63: =VLOOKUP(E63,Sheet1!$B$2:$C$78,2,0) -> 0 | G63: 11 a 30 personas | H63: AVENIDA | I63: NORTE II | J63: AVENIDA | K63: MÃ‰XICO-JAPÃ“N | L63: CARRETERA | M63: SALAMANCA QUERÃ‰TARO | N63: AVENIDA | O63: TECNOLÃ“GICO | P63: 0 | Q63: SN | T63: 0 | V63: COLONIA | W63: CIUDAD INDUSTRIAL | AA63: 38010 | AB63: 11 | AC63: GUANAJUATO | AD63: 7 | AE63: CELAYA | AF63: 1 | AG63: Celaya | AH63: 940 | AI63: 16 | AJ63: 4616115270 | AM63: Fijo | AN63: 20.555669 | AO63: -100.82032 | AP63: 40360
A64: 6205837 | B64: CONCRETOS PREMEZCLADOS DEL BAJÃO | D64: 327320 | E64: Fabricacion de concreto | F64: =VLOOKUP(E64,Sheet1!$B$2:$C$78,2,0) -> 0 | G64: 11 a 30 personas | H64: CARRETERA | I64: PANAMERICANA | K64: NINGUNO | L64: CALLE | M64: NINGUNO | N64: CALLE | O64: CONCEPCIÃ“N BÃ‰ISTEGUI | P64: 0 | Q64: SN | V64: COLONIA | W64: BENITO JUÃREZ | AA64: 38060 | AB64: 11 | AC64: GUANAJUATO | AD64: 7 | AE64: CELAYA | AF64: 1 | AG64: Celaya | AH64: 1436 | AI64: 1 | AJ64: 4616093878 | AM64: Fijo | AN64: 20.518238 | AO64: -100.856 | AP64: 40360
A65: 6716482 | B65: CONSTRUCTORA Y PAVIMENTADORA | C65: CONSTRUCTORA Y PAVIEMENTADORA VISE, S.A. DE C.V. | D65: 324120 | E65: Fabricacion de productos de asfalto | F65: =VLOOKUP(E65,Sheet1!$B$2:$C$78,2,0) -> 0 | G65: 11 a 30 personas | H65: CARRETERA | I65: CARRETERA ESTATAL LIBRE 51 CELAYA SALVATIERRA KM 114 | J65: CALLE | K65: NINGUNO | L65: CALLE | M65: NINGUNO | N65: CALLE | O65: NINGUNO | P65: 0 | Q65: SN | T65: 0 | V65: RANCHO | W65: El Sauz De VillaseÃ±or | AA65: 3804 | AB65: 11 | AC65: GUANAJUATO | AD65: 7 | AE65: CELAYA | AF65: 180 | AG65: El Sauz (El Sauz de VillaseÃ±or) | AH65: 032A | AI65: 800 | AJ65: 14611355557 | AK65: elsauz@vise.com.mx | AL65: WWW.VISE.COM.MX | AM65: Fijo | AN65: 20.405629 | AO65: -100.79523 | AP65: 42370
A66: 6204344 | B66: COPLAINSA | C66: COMPAÃ‘ÃA PLÃSTICA INTERNACIONAL, S.A. DE C.V. | D66: 326199 | E66: Fabricacion de otros productos de plastico sin reforzamiento | F66: =VLOOKUP(E66,Sheet1!$B$2:$C$78,2,0) -> 0 | G66: 31 a 50 personas | H66: CALLE | I66: ORIENTE 3 | J66: CALLE | K66: ÃLVARO OBREGÃ“N | L66: CALLE | M66: SUR 2 | N66: CALLE | O66: ORIENTE 5 | P66: 105 | V66: COLONIA | W66: CIUDAD INDUSTRIAL | AA66: 38030 | AB66: 11 | AC66: GUANAJUATO | AD66: 7 | AE66: CELAYA | AF66: 1 | AG66: Celaya | AH66: 1544 | AI66: 50 | AJ66: 461614499 | AM66: Fijo | AN66: 20.549201 | AO66: -100.80205 | AP66: 40360
A67: 6332899 | B67: CORRUGADOS DE CELAYA, S.A. DE C.V. | C67: CORRUGADOS DE CELAYA, S.A. DE C.V. | D67: 322210 | E67: Fabricacion de envases de carton | F67: =VLOOKUP(E67,Sheet1!$B$2:$C$78,2,0) -> 0 | G67: 101 a 250 personas | H67: PRIVADA | I67: SOR JUANA INES DE LA CRUZ | J67: CALLE | K67: CELAYA | L67: CALLE | M67: ACAMBARO | N67: CALLE | O67: SILAO | P67: 111 | Q67: SN | T67: 0 | V67: FRACCIONAMIENTO | W67: EL PUENTE | AA67: 38110 | AB67: 11 | AC67: GUANAJUATO | AD67: 7 | AE67: CELAYA | AF67: 674 | AG67: Ninguno [Balneario] | AH67: 71 | AI67: 800 | AJ67: 4616110203 | AK67: CORRUCELSACV@PRODIGY.NET.MX | AM67: Fijo | AN67: 20.497808 | AO67: -100.84001 | AP67: 41974
A68: 6332810 | B68: CORRUGADOS ESPECIALIZADOS DEL BAJIO, S.A. DE C.V. | C68: CORRUGADOS ESPECIALIZADOS DEL BAJIO, S.A. DE C.V. | D68: 322210 | E68: Fabricacion de envases de carton | F68: =VLOOKUP(E68,Sheet1!$B$2:$C$78,2,0) -> 0 | G68: 101 a 250 personas | H68: CALLE | I68: ORIENTE 5 | J68: CALLE | K68: PRESA ÃLVARO OBREGÃ“N | L68: CAMINO | M68: A SAN MIGUEL OCTOPAN | N68: CALLE | O68: ORIENTE 7 | P68: 113 | T68: 0 | V68: COLONIA | W68: CIUDAD INDUSTRIAL | AA68: 38010 | AB68: 11 | AC68: GUANAJUATO | AD68: 7 | AE68: CELAYA | AF68: 1 | AG68: Celaya | AH68: 1544 | AI68: 7 | AJ68: 4611613663 | AK68: DIR.FINANZAS@CORESBA.COM.MX | AL68: WWW.CORESBA.COM.MX | AM68: Fijo | AN68: 20.547898 | AO68: -100.80016 | AP68: 40360
A69: 1347100 | B69: CORRUGADOS PAPEL Y CARTÃ“N, S.A. DE C.V. | C69: CORRUGADOS PAPEL Y CARTÃ“N, S.A. DE C.V. | D69: 322132 | E69: Fabricacion de carton y cartoncillo a partir de pulpa | F69: =VLOOKUP(E69,Sheet1!$B$2:$C$78,2,0) -> 0 | G69: 11 a 30 personas | H69: AVENIDA | I69: MÃ‰XICO-JAPÃ“N | J69: AVENIDA | K69: NORTE 7 | L69: AVENIDA | M69: NORTE II | N69: CALLE | O69: PONIENTE 2 | P69: 106 | V69: COLONIA | W69: CIUDAD INDUSTRIAL | AA69: 38010 | AB69: 11 | AC69: GUANAJUATO | AD69: 7 | AE69: CELAYA | AF69: 1 | AG69: Celaya | AH69: 940 | AI69: 26 | AJ69: 14616116071 | AK69: FABIOLA@CORRUPAKA.COM.MX | AL69: WWW.CORRUPAKA.COM.MX | AM69: Fijo | AN69: 20.552589 | AO69: -100.81971 | AP69: 40360
A70: 6332739 | B70: EQUINOX | C70: EQUINOX, S.A. DE C.V. | D70: 325320 | E70: Fabricacion de pesticidas y otros agroquimicos, excepto fertilizantes | F70: =VLOOKUP(E70,Sheet1!$B$2:$C$78,2,0) -> 0 | G70: 101 a 250 personas | H70: CALLE | I70: PONIENTE 4 | J70: CALLE | K70: NORTE 5 | L70: AVENIDA | M70: NORTE 3 | N70: CALLE | O70: PONIENTE 2 | P70: 133 | T70: 0 | V70: COLONIA | W70: CIUDAD INDUSTRIAL | AA70: 38010 | AB70: 11 | AC70: GUANAJUATO | AD70: 7 | AE70: CELAYA | AF70: 1 | AG70: Celaya | AH70: 940 | AI70: 39 | AJ70: 4616117766 | AK70: ARACELIM@EQUINOXAGRO.COM | AL70: EQUINOXAGRO.COM | AM70: Fijo | AN70: 20.554113 | AO70: -100.80955 | AP70: 40360
A71: 1355875 | B71: FABRICA DE PROCESOS PLÃSTICOS DE CELAYA | C71: PROCESOS PLÃSTICOS DE CELAYA, S.A. DE C.V. | D71: 325620 | E71: Fabricacion de cosmeticos, perfumes y otras preparaciones de tocador | F71: =VLOOKUP(E71,Sheet1!$B$2:$C$78,2,0) -> 0 | G71: 31 a 50 personas | H71: BOULEVARD | I71: ADOLFO LÃ“PEZ MATEOS | J71: AVENIDA | K71: 2 DE ABRIL | L71: CALLE | M71: PASEO DE GUANAJUATO | N71: CALLE | O71: COLEGIO HEROICO MILITAR | P71: 1107 | T71: 7 | V71: COLONIA | W71: JARDINES DE CELAYA | AA71: 38080 | AB71: 11 | AC71: GUANAJUATO | AD71: 7 | AE71: CELAYA | AF71: 1 | AG71: Celaya | AH71: 025A | AI71: 20 | AJ71: 4616134830 | AK71: PROPLACE@PRODIGY.NET.MX | AM71: Fijo | AN71: 20.519614 | AO71: -100.79791 | AP71: 40360
A72: 1355815 | B72: FÃBRICA SIN NOMBRE | D72: 326191 | E72: Fabricacion de productos de plastico para el hogar con y sin reforzamiento | F72: =VLOOKUP(E72,Sheet1!$B$2:$C$78,2,0) -> 0 | G72: 31 a 50 personas | H72: CALLE | I72: MONTES DE OCA | J72: CALLE | K72: CERRADA DE PINO SUÃREZ | L72: CALLE | M72: PASEO DE LOS CONSTITUYENTES | N72: CALLE | O72: JOSÃ‰ MARÃA PINO SUÃREZ | P72: 300 | V72: COLONIA | W72: EL VERGEL | AA72: 38078 | AB72: 11 | AC72: GUANAJUATO | AD72: 7 | AE72: CELAYA | AF72: 1 | AG72: Celaya | AH72: 1224 | AI72: 29 | AJ72: 4616160301 | AM72: Fijo | AN72: 20.514266 | AO72: -100.802 | AP72: 40360
A73: 6329977 | B73: FORMAS GENERALES SA DE CV | C73: FORMAS GENERALES SA DE CV | D73: 323119 | E73: Impresion de formas continuas y otros impresos | F73: =VLOOKUP(E73,Sheet1!$B$2:$C$78,2,0) -> 0 | G73: 101 a 250 personas | H73: CALLE | I73: FRANCISCO I. MADERO | J73: CALLE | K73: TENOCHTITLAN | L73: CALLE | M73: CHAPALA | N73: CALLE | O73: JOSÃ‰ MARÃA MORELOS | P73: 407 | T73: 0 | V73: COLONIA | W73: CENTRO | AA73: 38000 | AB73: 11 | AC73: GUANAJUATO | AD73: 7 | AE73: CELAYA | AF73: 1 | AG73: Celaya | AH73: 175 | AI73: 10 | AJ73: 4616160044 | AK73: AARAMBURO@FORGESA.NET | AL73: WWW.FORGESA.NET | AM73: Fijo | AN73: 20.522454 | AO73: -100.80708 | AP73: 40360
A74: 1249134 | B74: FOSFATOS DE CELAYA, S.A. DE C.V. | C74: FOSFATOS DE CELAYA, S.A. DE C.V. | D74: 325310 | E74: Fabricacion de fertilizantes | F74: =VLOOKUP(E74,Sheet1!$B$2:$C$78,2,0) -> 0 | G74: 31 a 50 personas | H74: CARRETERA | I74: NINGUNO | J74: AVENIDA | K74: DEL FERROCARRIL | L74: CARRETERA | M74: CELAYA SALVATIERRA | N74: CARRETERA | O74: CELAYA SALVATIERRA | P74: 216 | Q74: LOTE 5 | V74: FRACCIONAMIENTO | W74: INDUSTRIAL FERROPUERTO | AA74: 38150 | AB74: 11 | AC74: GUANAJUATO | AD74: 7 | AE74: CELAYA | AF74: 7911 | AG74: Localidad economica | AH74: 032A | AI74: 800 | AM74: Fijo | AN74: 20.422103 | AO74: -100.78523 | AP74: 41974
A75: 6332768 | B75: FRESCO PACK | C75: FRESCO PACK, S.A. DE C.V. | D75: 326193 | E75: Fabricacion de envases y contenedores de plastico para embalaje con y sin reforzamiento | F75: =VLOOKUP(E75,Sheet1!$B$2:$C$78,2,0) -> 0 | G75: 101 a 250 personas | H75: CALLE | I75: LA PAZ | J75: CALLE | K75: NORTE 2 | L75: CALLE | M75: NORTE 9 | N75: CALLE | O75: PONIENTE 2 | P75: 0 | Q75: SN | T75: 0 | V75: COLONIA | W75: CIUDAD INDUSTRIAL | AA75: 38030 | AB75: 11 | AC75: GUANAJUATO | AD75: 7 | AE75: CELAYA | AF75: 1 | AG75: Celaya | AH75: 160 | AI75: 15 | AJ75: 4616129248 | AL75: WWW.FRESCOPACK.COM | AM75: Fijo | AN75: 20.52635 | AO75: -100.80739 | AP75: 40360
A76: 1356753 | B76: GLOBAL PLASTICS DE MÃ‰XICO, S.A. DE C.V. | C76: GLOBAL PLASTICS DE MÃ‰XICO, S.A. DE C.V. | D76: 325993 | E76: Fabricacion de resinas de plasticos reciclados | F76: =VLOOKUP(E76,Sheet1!$B$2:$C$78,2,0) -> 0 | G76: 51 a 100 personas | H76: AVENIDA | I76: LÃZARO CÃRDENAS DEL RÃO | J76: CALLE | K76: GUERRERO | L76: PRIVADA | M76: JUÃREZ | N76: PRIVADA | O76: SEGUNDA DE GUERRERO | P76: 862 | Q76: A | V76: COLONIA | W76: RANCHO SECO | AA76: 38140 | AB76: 11 | AC76: GUANAJUATO | AD76: 7 | AE76: CELAYA | AF76: 1 | AG76: Celaya | AH76: 565 | AI76: 2 | AJ76: 4616165122 | AM76: Fijo | AN76: 20.487618 | AO76: -100.80863 | AP76: 40360
A77: 1241695 | B77: HEBRI PLASTICOS, S.A. DE C.V. | C77: HEBRI PLASTICOS, S.A. DE C.V. | D77: 326192 | E77: Fabricacion de autopartes de plastico con y sin reforzamiento | F77: =VLOOKUP(E77,Sheet1!$B$2:$C$78,2,0) -> 1 | G77: 31 a 50 personas | H77: CALLE | I77: GUERRERO | J77: CALLE | K77: NIÑOS HEROES | L77: PRIVADA | M77: OCTAVA DE GUERRERO | N77: CERRADA | O77: NINGUNO | P77: 47 | V77: COLONIA | W77: RANCHO SECO | AA77: 38140 | AB77: 11 | AC77: GUANAJUATO | AD77: 7 | AE77: CELAYA | AF77: 1 | AG77: Celaya | AH77: 565 | AI77: 29 | AJ77: 4616154312 | AK77: CPKARINA@KNP.COM.MX | AM77: Fijo | AN77: 20.486936 | AO77: -100.80456 | AP77: 41456
A78: 1249832 | B78: IMPRENTA DEL BAJÃO | D78: 323119 | E78: Impresion de formas continuas y otros impresos | F78: =VLOOKUP(E78,Sheet1!$B$2:$C$78,2,0) -> 0 | G78: 11 a 30 personas | H78: CALLE | I78: JOAQUÃN GARCÃA | J78: CALLE | K78: ANTONIO GARCÃA CUBAS | L78: CALLE | M78: MANUEL OROZCO Y BERRA | N78: AVENIDA | O78: TECNOLÃ“GICO | P78: 0 | Q78: SN | V78: COLONIA | W78: FOVISSSTE | AA78: 38600 | AB78: 11 | AC78: GUANAJUATO | AD78: 7 | AE78: CELAYA | AF78: 1 | AG78: Celaya | AH78: 442 | AI78: 45 | AJ78: 4616124340 | AK78: IMPRENTADELBAJIO@YAHOO.COM.MX | AM78: Fijo | AN78: 20.539525 | AO78: -100.819 | AP78: 41974
A79: 1242658 | B79: IMPRESOS MORSA | D79: 323119 | E79: Impresion de formas continuas y otros impresos | F79: =VLOOKUP(E79,Sheet1!$B$2:$C$78,2,0) -> 0 | G79: 11 a 30 personas | H79: CALLE | I79: RAFAEL SANZIO | J79: CALLE | K79: MIGUEL ÃNGEL | L79: BOULEVARD | M79: ADOLFO LÃ“PEZ MATEOS | N79: CALLE | O79: VELÃZQUEZ | P79: 105 | V79: COLONIA | W79: RENACIMIENTO | AA79: 38044 | AB79: 11 | AC79: GUANAJUATO | AD79: 7 | AE79: CELAYA | AF79: 1 | AG79: Celaya | AH79: 1046 | AI79: 4 | AM79: Fijo | AN79: 20.51862 | AO79: -100.83315 | AP79: 41974
A80: 6329756 | B80: IMPRESOS PROFESIONALES DEL CENTRO, S.A. DE C.V. | C80: IMPRESOS PROFESIONALES DEL CENTRO, S.A. DE C.V. | D80: 323119 | E80: Impresion de formas continuas y otros impresos | F80: =VLOOKUP(E80,Sheet1!$B$2:$C$78,2,0) -> 0 | G80: 101 a 250 personas | H80: AVENIDA | I80: MÃ‰XICO-JAPÃ“N | J80: AVENIDA | K80: NORTE 7 | L80: AVENIDA | M80: NORTE II | N80: CALLE | O80: PONIENTE 2 | P80: 108 | T80: 0 | V80: COLONIA | W80: CIUDAD INDUSTRIAL | X80: CIUDAD INDUSTRIAL | Y80: SIN NOMBRE | Z80: 108 | AA80: 38010 | AB80: 11 | AC80: GUANAJUATO | AD80: 7 | AE80: CELAYA | AF80: 1 | AG80: Celaya | AH80: 940 | AI80: 26 | AJ80: 4616115550 | AK80: MCASTILLO@IPCDIGITAL.COM.MX | AL80: IPCDIGITAL.COM.MX | AM80: Fijo | AN80: 20.552558 | AO80: -100.81941 | AP80: 40360
A81: 6486016 | B81: INNOVACIONES PLASTICAS MADJO, S. DE R.L. DE C.V. | C81: INNOVACIONES PLASTICAS MADJO, S. DE R.L. DE C.V. | D81: 326194 | E81: Fabricacion de otros productos de plastico de uso industrial sin reforzamiento | F81: =VLOOKUP(E81,Sheet1!$B$2:$C$78,2,0) -> 0 | G81: 11 a 30 personas | H81: AVENIDA | I81: EL VERGEL | J81: CALLE | K81: SN | L81: CALLE | M81: SN | N81: CALLE | O81: SN | P81: 0 | Q81: SN | V81: PARQUE INDUSTRIAL | W81: EL VERGEL | X81: PARQUE INDUSTRIAL | Y81: EL VERGEL | Z81: 208 | AA81: 38110 | AB81: 11 | AC81: GUANAJUATO | AD81: 7 | AE81: CELAYA | AF81: 7013 | AG81: Localidad economica | AH81: 71 | AI81: 800 | AJ81: 4616111214 | AM81: Fijo | AN81: 20.522806 | AO81: -100.88418 | AP81: 41974
A82: 1357769 | B82: INTERMOL | D82: 326160 | E82: Fabricacion de botellas de plastico | F82: =VLOOKUP(E82,Sheet1!$B$2:$C$78,2,0) -> 0 | G82: 11 a 30 personas | H82: CALLE | I82: LAGO ESCLAVOS | J82: CALLE | K82: LAGO DE ZAYULA | L82: CALLE | M82: LAGO AZUI | N82: CALLE | O82: LAGO TITICACA | P82: 109 | V82: COLONIA | W82: LOS LAGOS | AA82: 38060 | AB82: 11 | AC82: GUANAJUATO | AD82: 7 | AE82: CELAYA | AF82: 1 | AG82: Celaya | AH82: 974 | AI82: 12 | AJ82: 4616093852 | AM82: Fijo | AN82: 20.509861 | AO82: -100.83038 | AP82: 40360
A83: 1347108 | B83: INYECCION DE PIEZAS DE PLASTICO AUTOMOTRIZ ALCARAZ ANTILLON, S.A. DE C.V. | C83: ALCARAZ ANTILLON, S.A. DE C.V. | D83: 326192 | E83: Fabricacion de autopartes de plastico con y sin reforzamiento | F83: =VLOOKUP(E83,Sheet1!$B$2:$C$78,2,0) -> 1 | G83: 51 a 100 personas | H83: AVENIDA | I83: MEXICO-JAPON | J83: CALLE | K83: NORTE 7 | L83: CALLE | M83: NORTE 3 | N83: CALLE | O83: NINGUNO | P83: 182 | V83: COLONIA | W83: CIUDAD INDUSTRIAL | AA83: 38010 | AB83: 11 | AC83: GUANAJUATO | AD83: 7 | AE83: CELAYA | AF83: 1 | AG83: Celaya | AH83: 940 | AI83: 37 | AJ83: 14616115557 | AK83: CPFRANCISCOMENDOZAG@PRODIGY.NET.MX | AM83: Fijo | AN83: 20.551559 | AO83: -100.8102 | AP83: 40360
A84: 1250194 | B84: IRERI ANDESSI, S.A. DE C.V. | C84: IRERI ANDESI, S.A. DE C.V. | D84: 325190 | E84: Fabricacion de otros productos quimicos basicos organicos | F84: =VLOOKUP(E84,Sheet1!$B$2:$C$78,2,0) -> 0 | G84: 11 a 30 personas | H84: CALLE | I84: SALVATIERRA | J84: CALLE | K84: AVENIDA AEROPUERTO | L84: CALLE | M84: CELAYA | N84: CALLE | O84: LEON | P84: 101 | V84: COLONIA | W84: EL PUENTE | AA84: 38060 | AB84: 11 | AC84: GUANAJUATO | AD84: 7 | AE84: CELAYA | AF84: 137 | AG84: Colonia Fraccionamiento el Puente | AH84: 71 | AI84: 9 | AJ84: 4616110505 | AL84: WWW.PIELNUEVA.COM.MX | AM84: Fijo | AN84: 20.523611 | AO84: -100.89667 | AP84: 41974
A85: 6712759 | B85: JA, S.A. DE C.V. | C85: JA, S.A. DE C.V. | D85: 326199 | E85: Fabricacion de otros productos de plastico sin reforzamiento | F85: =VLOOKUP(E85,Sheet1!$B$2:$C$78,2,0) -> 0 | G85: 31 a 50 personas | H85: AVENIDA | I85: EL VERGEL | J85: OTRA (ESPECIFICAR) | K85: NingunoN | L85: OTRA (ESPECIFICAR) | M85: Ninguno | N85: OTRA (ESPECIFICAR) | O85: Ninguno | P85: 35 | T85: 0 | V85: COLONIA | W85: Segunda Fraccion Cresp | AA85: 38000 | AB85: 11 | AC85: GUANAJUATO | AD85: 7 | AE85: CELAYA | AF85: 408 | AG85: Monsanto [Centro de Investigacion Agricola] | AH85: 71 | AI85: 800 | AL85: NO TIENE | AM85: Fijo | AN85: 20.524255 | AO85: -100.88432 | AP85: 42370
A86: 6261557 | B86: JANESVILLE DE MEXICO SA DE CV | C86: JANESVILLE DE MEXICO SA DE CV | D86: 326140 | E86: Fabricacion de espumas y productos de poliestireno | F86: =VLOOKUP(E86,Sheet1!$B$2:$C$78,2,0) -> 1 | G86: 101 a 250 personas | H86: CARRETERA | I86: NINGUNO | J86: CALLE | K86: NINGUNO | L86: CALLE | M86: NINGUNO | N86: CALLE | O86: NINGUNO | P86: 0 | Q86: SN | T86: 0 | V86: EJIDO | W86: CIUDAD DE CELAYA | AA86: 38110 | AB86: 11 | AC86: GUANAJUATO | AD86: 7 | AE86: CELAYA | AF86: 462 | AG86: Ninguno [Hotel] | AH86: 71 | AI86: 800 | AJ86: 4611921800 | AL86: WWW.JANESVILLEACOUSTICS.COM | AM86: Fijo | AN86: 20.51589 | AO86: -100.8905 | AP86: 41456
A87: 1253767 | B87: JUSTIN IN PACK, S.A. DE SV | C87: JUSTIN IN PACK, S.A. DE SV | D87: 322210 | E87: Fabricacion de envases de carton | F87: =VLOOKUP(E87,Sheet1!$B$2:$C$78,2,0) -> 0 | G87: 11 a 30 personas | H87: AVENIDA | I87: MÃ‰XICO-JAPÃ“N | J87: CALLE | K87: NORTE 2 | M87: NORTE - SUR | N87: CALLE | O87: ORIENTE | P87: 148 | V87: CIUDAD INDUSTRIAL | W87: INDUSTRIAL | AA87: 38001 | AB87: 11 | AC87: GUANAJUATO | AD87: 7 | AE87: CELAYA | AF87: 1 | AG87: Celaya | AH87: 1544 | AI87: 47 | AJ87: 4616128875 | AK87: FACTURACION@JUSTINPACK.COM | AL87: WWW.JUSTINPACK.COM | AM87: Fijo | AN87: 20.550617 | AO87: -100.80104 | AP87: 41974
A88: 6723770 | B88: MADERERÃA LA TIERRA | C88: MADERERÃA LA TIERRA, S.A. DE C.V. | D88: 321920 | E88: Fabricacion de productos para embalaje y envases de madera | F88: =VLOOKUP(E88,Sheet1!$B$2:$C$78,2,0) -> 0 | G88: 51 a 100 personas | H88: CALLE | I88: Emiliano Zapata | J88: CALLE | K88: Ninguno | L88: OTRA (ESPECIFICAR) | M88: Sin Referencia | N88: PRIVADA | O88: Ninguno | P88: 147 | T88: 0 | V88: COLONIA | W88: Santa Maria Del Refugi | AA88: 38140 | AB88: 11 | AC88: GUANAJUATO | AD88: 7 | AE88: CELAYA | AF88: 174 | AG88: Santa Maria del Refugio | AH88: 1629 | AI88: 27 | AJ88: 10461157846 | AK88: latierra@prodigy.net.mx | AL88: WWW.LATIERRA.COM | AM88: Fijo | AN88: 20.438887 | AO88: -100.79578 | AP88: 42370
A89: 1248774 | B89: MADERERÃA LA TIERRA, S.A. DE C.V. | C89: MADERERÃA LA TIERRA, S.A. DE C.V. | D89: 321920 | E89: Fabricacion de productos para embalaje y envases de madera | F89: =VLOOKUP(E89,Sheet1!$B$2:$C$78,2,0) -> 0 | G89: 31 a 50 personas | H89: CALLE | I89: NINGUNO | J89: CARRETERA | K89: CELAYA SALVATIERRA | L89: CALLE | M89: EMILIANO ZAPATA | N89: CALLE | O89: NINGUNO | P89: 0 | Q89: SN | W89: SANTA MARÃA DEL REFUGIO | AA89: 38140 | AB89: 11 | AC89: GUANAJUATO | AD89: 7 | AE89: CELAYA | AF89: 174 | AG89: Santa Maria del Refugio | AH89: 1629 | AI89: 27 | AJ89: 4616182007 | AM89: Fijo | AN89: 20.439017 | AO89: -100.79679 | AP89: 41974
A90: 1347114 | B90: MEGA CONCRETOS, S.A. DE C.V. | C90: MEGA CONCRETOS, S.A. DE C.V. | D90: 327330 | E90: Fabricacion de tubos y bloques de cemento y concreto | F90: =VLOOKUP(E90,Sheet1!$B$2:$C$78,2,0) -> 0 | G90: 11 a 30 personas | H90: CALLE | I90: PONIENTE 4 | J90: CALLE | K90: NORTE 3 | L90: AVENIDA | M90: NORTE 5 | N90: CALLE | O90: NINGUNO | P90: 125 | V90: COLONIA | W90: CIUDAD INDUSTRIAL | AA90: 38010 | AB90: 11 | AC90: GUANAJUATO | AD90: 7 | AE90: CELAYA | AF90: 1 | AG90: Celaya | AH90: 940 | AI90: 39 | AJ90: 14611755939 | AK90: MEGACONCRETOS@GMAIL.COM | AM90: Fijo | AN90: 20.554386 | AO90: -100.81215 | AP90: 40360
A91: 6332737 | B91: MEZCLAS Y FERTILIZANTES, S.A. DE C.V. | C91: MEZCLAS Y FERTILIZANTES, S.A. DE C.V. | D91: 325310 | E91: Fabricacion de fertilizantes | F91: =VLOOKUP(E91,Sheet1!$B$2:$C$78,2,0) -> 0 | G91: 51 a 100 personas | H91: AVENIDA | I91: NORTE II | J91: AVENIDA | K91: MÃ‰XICO-JAPÃ“N | L91: AVENIDA | M91: NORTE II | N91: AVENIDA | O91: TECNOLÃ“GICO | P91: 0 | Q91: SN | T91: 0 | V91: COLONIA | W91: CIUDAD INDUSTRIAL | AA91: 38010 | AB91: 11 | AC91: GUANAJUATO | AD91: 7 | AE91: CELAYA | AF91: 1 | AG91: Celaya | AH91: 940 | AI91: 16 | AJ91: 4616116093 | AK91: CONTABILIDAD@MEZFER.COM | AL91: WWW.MEZFER.COM | AM91: Fijo | AN91: 20.557393 | AO91: -100.82013 | AP91: 40360
A92: 1253478 | B92: PARTNER IN PACK, S.A. DE C.V. | C92: PARTNER IN PACK, S.A. DE C.V. | D92: 322210 | E92: Fabricacion de envases de carton | F92: =VLOOKUP(E92,Sheet1!$B$2:$C$78,2,0) -> 0 | G92: 31 a 50 personas | H92: CALLE | I92: IGNACIO MAYA | J92: PRIVADA | K92: IGNACIO MAYA | L92: CALLE | M92: REYNALDO LECONA | N92: CALLE | O92: PRIVADA REYNALDO LECONA | P92: 211 | V92: COLONIA | W92: EMILIANO ZAPATA | AA92: 38030 | AB92: 11 | AC92: GUANAJUATO | AD92: 7 | AE92: CELAYA | AF92: 1 | AG92: Celaya | AH92: 1544 | AI92: 53 | AJ92: 14611750110 | AM92: Fijo | AN92: 20.545898 | AO92: -100.80025 | AP92: 41974
A93: 6469748 | B93: PINTURAS Y PEGAMENTOS DEL CENTRO, S.A. DE C.V. | C93: PINTURAS Y PEGAMENTOS DEL CENTRO, S.A. DE C.V. | D93: 325510 | E93: Fabricacion de pinturas y recubrimientos | F93: =VLOOKUP(E93,Sheet1!$B$2:$C$78,2,0) -> 0 | G93: 31 a 50 personas | H93: CALLE | I93: LAUREL | J93: CALLE | K93: SN | L93: CALLE | M93: SN | N93: CALLE | O93: SN | P93: 110 | Q93: A | V93: PARQUE INDUSTRIAL | W93: EL VERGEL | AA93: 38110 | AB93: 11 | AC93: GUANAJUATO | AD93: 7 | AE93: CELAYA | AF93: 7013 | AG93: Localidad economica | AH93: 71 | AI93: 800 | AJ93: 4616123018 | AK93: gpe.garcia@pinturaspc.com | AM93: Fijo | AN93: 20.522806 | AO93: -100.88418 | AP93: 41974
A94: 6330856 | B94: PLASTICOS ALASKA SA DE CV | C94: PLASTICOS ALASKA SA DE CV | D94: 326110 | E94: Fabricacion de bolsas y peliculas de plastico flexible | F94: =VLOOKUP(E94,Sheet1!$B$2:$C$78,2,0) -> 0 | G94: 31 a 50 personas | H94: CARRETERA | I94: CELAYA-SAN MIGUEL DE ALLENDE | J94: PRIVADA | K94: DICIEMBRE | L94: CALLE | M94: ABRIL | N94: AVENIDA | O94: REAL TRES GUERRAS | P94: 0 | Q94: SN | T94: 0 | V94: COLONIA | W94: 10 DE ABRIL | AA94: 38010 | AB94: 11 | AC94: GUANAJUATO | AD94: 7 | AE94: CELAYA | AF94: 1 | AG94: Celaya | AH94: 758 | AI94: 10 | AJ94: 4616115782 | AK94: ALARA.P@POLIPLASTICOS.COM | AM94: Fijo | AN94: 20.564732 | AO94: -100.82195 | AP94: 41061
A95: 6334967 | B95: PLASTICOS ALASKA SA DE CV | C95: PLASTICOS ALASKA SA DE CV | D95: 326110 | E95: Fabricacion de bolsas y peliculas de plastico flexible | F95: =VLOOKUP(E95,Sheet1!$B$2:$C$78,2,0) -> 0 | G95: 11 a 30 personas | H95: PRIVADA | I95: AGUSTÃN LARA | J95: CALLE | K95: NINGUNO | L95: CALLE | M95: NINGUNO | N95: CALLE | O95: NINGUNO | P95: 49 | T95: 0 | V95: COLONIA | W95: RANCHO ROGE | AA95: 38010 | AB95: 11 | AC95: GUANAJUATO | AD95: 7 | AE95: CELAYA | AF95: 1 | AG95: Celaya | AH95: 758 | AI95: 1 | AJ95: 4616117060 | AK95: ALARA.P@POLIPLATICOS.COM | AM95: Fijo | AN95: 20.559388 | AO95: -100.82307 | AP95: 41061
A96: 6331351 | B96: PRODUCTORA DE PAPEL Y CARTÃ“N | D96: 322210 | E96: Fabricacion de envases de carton | F96: =VLOOKUP(E96,Sheet1!$B$2:$C$78,2,0) -> 0 | G96: 51 a 100 personas | H96: CALLE | I96: JOSÃ‰ ROSAS MORENO | J96: CALLE | K96: GENERAL JESÃšS GONZÃLEZ ORTEGA | L96: CALLE | M96: JOSÃ‰ ROSAS MORENO | N96: CALLE | O96: 2 | P96: 317 | T96: 0 | V96: BARRIO | W96: SAN JUAN BAUTISTA | AA96: 38070 | AB96: 11 | AC96: GUANAJUATO | AD96: 7 | AE96: CELAYA | AF96: 1 | AG96: Celaya | AH96: 211 | AI96: 15 | AJ96: 4616126463 | AM96: Fijo | AN96: 20.51438 | AO96: -100.81858 | AP96: 40360
A97: 1243347 | B97: PRODUCTORA DE PAPEL Y CARTÃ“N SIN NOMBRE | D97: 322210 | E97: Fabricacion de envases de carton | F97: =VLOOKUP(E97,Sheet1!$B$2:$C$78,2,0) -> 0 | G97: 51 a 100 personas | H97: CALLE | I97: JOSÃ‰ ROSAS MORENO | J97: CALLE | K97: GENERAL JESÃšS GONZÃLEZ ORTEGA | L97: CALLE | M97: 10 DE MAYO | N97: CALLE | O97: RIO LERMA | P97: 315 | V97: COLONIA | W97: SAN MIGUEL | AA97: 38068 | AB97: 11 | AC97: GUANAJUATO | AD97: 7 | AE97: CELAYA | AF97: 1 | AG97: Celaya | AH97: 211 | AI97: 15 | AJ97: 4616126463 | AM97: Fijo | AN97: 20.514517 | AO97: -100.81814 | AP97: 41974
A98: 1355825 | B98: PRODUCTOS DE LIMPIEZA DON PULCRO | D98: 325610 | E98: Fabricacion de jabones, limpiadores y dentifricos | F98: =VLOOKUP(E98,Sheet1!$B$2:$C$78,2,0) -> 0 | G98: 11 a 30 personas | H98: CALLE | I98: DIVISIÃ“N DEL NORTE | J98: CALLE | K98: JOSÃ‰ MARÃA PINO SUÃREZ | L98: CALLE | M98: JOSÃ‰ MARÃA LUIS MORA | N98: CALLE | O98: PLAN DE IGUALA | P98: 116 | V98: COLONIA | W98: EL VERGEL | AA98: 38078 | AB98: 11 | AC98: GUANAJUATO | AD98: 7 | AE98: CELAYA | AF98: 1 | AG98: Celaya | AH98: 1224 | AI98: 12 | AJ98: 4616133974 | AK98: UNO@DONPULCRO.COM | AM98: Fijo | AN98: 20.517919 | AO98: -100.80381 | AP98: 40360
A99: 1347120 | B99: PRODUCTOS QUÃMICOS DE USO INDUSTRIAL QUÃMICORP | C99: QUIMICORP, S.A. DE C.V. | D99: 325190 | E99: Fabricacion de otros productos quimicos basicos organicos | F99: =VLOOKUP(E99,Sheet1!$B$2:$C$78,2,0) -> 0 | G99: 11 a 30 personas | H99: CALLE | I99: PONIENTE 2 | J99: CALLE | K99: NORTE 9 | L99: AVENIDA | M99: NORTE II | N99: CALLE | O99: PONIENTE 4 | P99: 27 | V99: COLONIA | W99: CIUDAD INDUSTRIAL | AA99: 38010 | AB99: 11 | AC99: GUANAJUATO | AD99: 7 | AE99: CELAYA | AF99: 1 | AG99: Celaya | AH99: 940 | AI99: 25 | AJ99: 14616119117 | AK99: QUIMICORP@PRODIGY.NET.MX | AL99: WWW.QUIMICORPSACV.COM | AM99: Fijo | AN99: 20.553515 | AO99: -100.81793 | AP99: 40360
A100: 6332736 | B100: PROVEEDORA FLEXOGRAFICA DEL BAJIO, S.A. DE C.V. | C100: PROVEEDORA FLEXOGRAFICA DEL BAJIO, S.A. DE C.V. | D100: 323119 | E100: Impresion de formas continuas y otros impresos | F100: =VLOOKUP(E100,Sheet1!$B$2:$C$78,2,0) -> 0 | G100: 51 a 100 personas | H100: AVENIDA | I100: NORTE 9 | J100: CALLE | K100: NORTE 7 | L100: CALLE | M100: NORTE 2 | N100: AVENIDA | O100: MÃ‰XICO JAPÃ“N | P100: 21 | T100: 0 | U100: B | V100: COLONIA | W100: CIUDAD INDUSTRIAL | AA100: 38010 | AB100: 11 | AC100: GUANAJUATO | AD100: 7 | AE100: CELAYA | AF100: 1 | AG100: Celaya | AH100: 940 | AI100: 25 | AJ100: 4616118315 | AL100: WWW.PROFLEX.COM | AM100: Fijo | AN100: 20.553234 | AO100: -100.81438 | AP100: 40360
...

Sheet Sheet1
B1: CON | C1: SN
B2: Purificacion y embotellado de agua | C2: 0
B3: Conservacion de frutas y verduras por procesos distintos a la congelacion y la deshidratacion | C3: 0
B4: Elaboracion de alimentos para animales | C4: 0
B5: Elaboracion de dulces, chicles y productos de confiteria que no sean de chocolate | C5: 0
B6: Confeccion en serie de otra ropa exterior de materiales textiles | C6: 0
B7: Confeccion en serie de uniformes | C7: 0
B8: Elaboracion de aceites y grasas vegetales comestibles | C8: 0
B9: Fabricacion de ropa exterior de tejido de punto | C9: 0
B10: Elaboracion de botanas | C10: 0
B11: Panificacion tradicional | C11: 0
B12: Preparacion de embutidos y otras conservas de carne de ganado, aves y otros animales comestibles | C12: 0
B13: Elaboracion de derivados y fermentos lacteos | C13: 0
... B78: Fabricacion de otra maquinaria y equipo para la industria en general | C78: 0
