Workbook
Name Ee: #REF!
Name Ee: #REF!
Name Ee: #REF!
Name Ee: #REF!
Name Ee: #REF!
Name Ee: #REF!
Name Eges: #REF!
Name Eges: #REF!
Name Eges: #REF!
Name Eges: #REF!
Name Eges: #REF!
Name Eges: #REF!
Name Ep_3: [1]Checklist!#REF!
Name Ep_3: [1]Checklist!#REF!
Name Ep_3: [1]Checklist!#REF!
Name Ep_3: [1]Checklist!#REF!
Name Ep_3: [1]Checklist!#REF!
Name Ep_3: [1]Checklist!#REF!
Name Eu_2: [1]Result!#REF!
Name Eu_2: [1]Result!#REF!
Name Eu_2: [1]Result!#REF!
Name Eu_2: [1]Result!#REF!
Name Eu_2: [1]Result!#REF!
Name Eu_2: [1]Result!#REF!
Name Excel_BuiltIn_Database_3: [1]Checklist!#REF!
Name Excel_BuiltIn_Database_3: [1]Checklist!#REF!
Name Excel_BuiltIn_Database_3: [1]Checklist!#REF!
Name Excel_BuiltIn_Database_3: [1]Checklist!#REF!
Name Excel_BuiltIn_Database_3: [1]Checklist!#REF!
Name Excel_BuiltIn_Database_3: [1]Checklist!#REF!
Name q: #REF!
Name q: #REF!
Name q: #REF!
Name q: #REF!
Name q: #REF!
Name q: #REF!
Name ROTACION: #REF!
Name ROTACION: #REF!
Name ROTACION: #REF!
Name ROTACION: #REF!
Name ROTACION: #REF!
Name ROTACION: #REF!

Sheet PORTADA-NÚMEROS
B1: Reporte de Auditoria
B6: Ubicación:
B8: Dirección:
B11: Motivo de la Auditoría:
E14: Nombre: | J14: Función:
B16: Participantes:
B21: Auditor:
B23: Co-Auditor:
B25: Resultado de la Auditoría del Sistema
B29: Efectividad del Sistema: | G29: Número de Evaluaciones: | L29: ='REQUERIMIENTOS-NÚMEROS'!E117 -> 0
B31: Auditoría Posterior: | G31: "completamente cumplido" | L31: ='REQUERIMIENTOS-NÚMEROS'!E113 -> 0
G33: "efectivo pero incompleto" | L33: ='REQUERIMIENTOS-NÚMEROS'!E114 -> 0
G35: "desviación menor" | L35: ='REQUERIMIENTOS-NÚMEROS'!E115 -> 0
G37: "desviación mayor" | L37: ='REQUERIMIENTOS-NÚMEROS'!E116 -> 0
B39: Comentarios:
B51: Fecha de la Auditoría: | E51: Auditor | J51: Co-Auditor
B52: Lista de Distribución
B56: Si no recibimos contradicciones dentro de dos semanas, consideramos el reporte de auditoria como aceptado.
B58: Fecha de Reporte: | G58: Número de hallazgos:
F60: Número de hallazgos entre sitios o procesos:

Sheet REQUERIMIENTOS-NÚMEROS
B1: Auditoria del Sistema - Cuestionario | K1: Matriz de Referencias Cruzadas
B6: Pt. | D6: Requerimientos del Sistema de Gestión de Calidad | E6: Registro de Muestras y Hallazgos | F6: Clasificación de la Evaluación | I6: No. de Fotografía | K6: Referencia del Manual de Calidad | L6: ISO 9001 | M6: Otro
O7: =LEN(D7) -> 0
O9: =LEN(D9) -> 0
O10: =LEN(D10) -> 0
O11: =LEN(D11) -> 0
O12: =LEN(D12) -> 0
O13: =LEN(D13) -> 0
O14: =LEN(D14) -> 0
O15: =LEN(D15) -> 0
O16: =LEN(D16) -> 0
O17: =LEN(D17) -> 0
O18: =LEN(D18) -> 0
O19: =LEN(D19) -> 0
... O108: =LEN(D108) -> 0
E113: =COUNTIF(F9:F108,"C") -> 0 | F113: C | I113: completamente
E114: =COUNTIF(F9:F108,"E") -> 0 | F114: E | I114: efectivo
E115: =COUNTIF(F9:F108,"MN") -> 0 | F115: MN | I115: menor
E116: =COUNTIF(F9:F108,"SN") -> 0 | F116: MS | I116: critico / sistemático
E117: =E113+E114+E115+E116 -> 0
E118: =COUNTIF(F9:F108,"ne") -> 0 | F118: ne | I118: no evaluado
E119: =COUNTIF(F9:F108,"na") -> 0 | F119: na | I119: no aplicable

Sheet ACCIONES-NÚMEROS
B1: Auditoría - Lista de acciones (hallazgos y acciones)
B5: Leyenda para la clasificación: "C" = "completamente cumplido" -> quizás un indicio "E" = "incompleto, pero efectivo" -> Acción hasta la próxima auditoría de sistema "MN" = "No conformidad Menor" -> Nota / Acción (tres meses) "MS" = "No conformidad Mayor o Sistemática" -> Nota / Acción (tres meses) | E5: Fecha de la auditoría :
E7: Ubicación:
E9: Estado del:
B11: Lista de las acciones específicas del sitio
B12: Clasificación | C12: No. de Referencia (X) | D12: Registro de las muestras y hallazgos | E12: Descripción de las acciones (acciones basadas en un análisis de causa raíz) | F12: Responsable | G12: Fecha Límite | H12: Fecha de Término | I12: Observación
B32: Notas sobre la edición; (Los tiempos se aplican después del servicio del informe)
C33: Después de 10 días hábiles - Enviar al Auditor Líder el archivo completado sin necesidad de ser pedido
C34: Mensualmente - Enviar el estado actualizado al Auditor Líder
C35: Despúes de tres meses - Finalización de todas las acciones de "MN" y "MS"
B37: Lista de acciones entre sitios o procesos | E37: Coordinación por el Auditor Líder
B38: Clasificación | C38: Número de Referencia (X) | D38: Registro de las muestras y hallazgos | E38: Descripción de las acciones (acciones basadas en un análisis de causa raíz) | F38: Responsable | G38: Fecha Límite | H38: Fecha de Término | I38: Observación
B59: Notas sobre la edición; (Los tiempos se aplican después del servicio del informe)
C60: Después de 10 días hábiles - Enviar al Auditor Líder el archivo completado sin necesidad de ser pedido
C61: Mensualmente - Enviar el estado actualizado al Auditor Líder
C62: Despúes de tres meses - Finalización de todas las acciones de "MN" y "MS"

Sheet FOTOGRAFÍA-NÚMEROS 
A2: Fotografía xyz | B2: No. de Referencia (x) | H2: Fotografía xyz | I2: No. de Referencia (x)
B3: Ubicación: | I3: Ubicación:
A22: Fotografía xyz | C22: No. de Referencia (x)
C23: Ubicación:

Sheet GUÍA DEL USUARIO-NÚMER
B6: Guía en la Aplicación del Cuestionario de la Auditoría
B8: Planeación de Auditoría
B29: Paso 1: Verificación de las muestras
B50: Paso 2: Evaluación
B64: Paso 3: Clasificación de la muestra (no sistemática o sistemática)
B89: Paso 4: Reglas para evaluación de la efectividad del sistema de administración
B114: Paso 5: Necesidad / Condiciones para una auditoría de seguimiento
